"","fname","DGPid","Y.cont","bias","rel.bias","sd","rel.sd","rMSE","coverage","CIwidth"
"1","BCF",1,1,-0.03496516587,2.34753702062419,0.131868858533291,1.00069740323291,0.135786835579451,1,1.40069209594
"2","BCF",2,1,0.0404528363999999,174.857128185437,0.071745387480868,1.02061992841288,0.0820509511909353,1,1.3828168869
"3","BCF",3,1,0.165471774670001,5285.99135218653,0.0849487180304521,1.15092470620476,0.185809122651464,0.99,1.02193683353
"4","BCF",4,1,0.0484549229499999,4.81791192212406,0.0577333196562901,1.06680035824461,0.075151077135597,1,1.64394039479
"5","BCF",5,1,-0.031193539232112,1.21877118373131,0.71782276943766,1.6556211109868,0.714905497202075,1,23.8602260806
"6","BCF",6,1,-0.25275992598237,30.4229132930317,0.623074548966855,1.72166701855035,0.669497763115875,1,20.60012786185
"7","BCF",7,1,0.06217899915,37.2150011176351,0.16670760171563,3.26229758742536,0.177143270152651,1,2.63631199019
"8","BCF",8,1,0.00216469240357999,0.0599697698213801,0.0197389655453415,1.03635343567752,0.0197589571180843,1,1.82329837983
"9","BCF",9,1,-0.0838883856183,8.15556287642928,0.189783426049054,0.925509172159115,0.20662727931358,1,15.91885820287
"10","BCF",10,1,-1.1746968574975,2242.28363751822,0.123802844407651,1.02646298552327,1.1811378327084,1,16.14322461945
"11","BCF",11,1,0.0193572607329001,0.105045115742581,0.1875414129063,1.37246779823954,0.187602684635439,1,12.44464639949
"12","BCF",12,1,0.5883876014217,8.38727086981785,2.08151313578544,2.43811096251777,2.15303737417854,1,32.64863269084
"13","BCF",13,1,-0.016888278615855,22.8600817901163,0.0410522665753787,1.0224061537863,0.0442001092721833,1,2.53444558149
"14","BCF",14,1,-0.127105356948803,0.148653570124126,2.06232832253148,1.02386003890925,2.0559236125356,1,131.30093862411
"15","BCF",15,1,0.042516743905262,69.8241384229007,0.0328864189447711,1.29224160057917,0.0536504883277545,1,4.68973035149
"16","BCF",16,1,-0.05531015804,174.75736738746,0.0777065082646204,1.40425761412243,0.095063831160029,1,1.07935670716
"17","BCF",25,0,0.011703551874019,21.8147176963354,0.0179571840253577,1.04636995702886,0.0213590491363078,1,0.72871427308
"18","BCF",26,0,0.017863876210714,18.0103775820169,0.0204831209720615,1.07287587981553,0.0271013050530829,1,0.59585802195
"19","BCF",27,0,0.011982261072721,3.51072627076492,0.0250489182390468,1.07369818193729,0.0276540847310453,1,0.51827567506
"20","BCF",28,0,0.053421982668554,90.1497059054416,0.0202290657022051,0.978110609930424,0.0570879249967239,1,0.55955946448
"21","BCF",45,0,0.00353176061563601,3.4593051357496,0.0200531282710584,0.873973989016364,0.0202627739208413,1,0.31909060642
"22","BCF",46,0,0.00530779684638201,1.98976522655545,0.0237306630347403,1.13388727783852,0.0242009427863909,1,0.42253923895
"23","BCF",47,0,0.00929746665308,3.12095765488372,0.021568221472744,1.10940676856628,0.0233875860637112,1,0.41952626064
"24","BCF",48,0,-0.000249506963994996,0.115102907527828,0.0262997869978783,1.29311738997955,0.0261691471373737,1,0.37980538061
"25","BCF",49,0,0.00857494169454699,3.98311158350002,0.0216520791927718,0.985150960604263,0.0231873679640713,1,0.41602399405
"26","BCF",50,0,0.006375894851627,5.01637473940718,0.0232556333005419,0.908997165922856,0.0240014222613199,1,0.43031720338
"27","BCF",51,0,-0.00468930563436399,6.21027999856419,0.0250435111948562,0.888656301024678,0.0253553794246842,1,0.29781746834
"28","BCF",52,0,-0.015825960643618,2.8957663726896,0.030452559546311,1.16937419283294,0.0341839996107206,1,0.40249165475
"29","BCF",53,0,-0.02552036567692,35.9671762582913,0.0321885508411406,1.48809819385169,0.0409515670211029,1,0.34138322065
"30","BCF",54,0,-0.223111615109282,52.7647413763401,0.0135617302060926,0.962258995312723,0.223519292495286,1,0.95878859441
"31","BCF",55,0,0.00912781193607696,11.0337140375311,0.0138449215295841,1.07973164930343,0.0165251924157974,1,0.91396512359
"32","BCF",56,0,0.00874567296145801,42.1521959358106,0.0128571272260395,0.928479663568256,0.0154964337461972,1,0.98294727231
"33","BART_TMLE",1,1,0.00355099209085457,0.238411149663018,0.141085707115573,1.07064019749736,0.140423411615042,0.98,0.562688732228008
"34","BART_TMLE",2,1,0.0279445936410904,120.790328373367,0.0763676757209002,1.08637467109795,0.0809604964771592,0.95,0.29419348612783
"35","BART_TMLE",3,1,0.122996040308657,3929.10517048207,0.0809863575258263,1.09724080484171,0.147041586416417,0.7,0.306281585127143
"36","BART_TMLE",4,1,0.0349859971259885,3.47868580525105,0.0569069328522347,1.05153032451255,0.0665585081825152,0.93,0.237363026286188
"37","BART_TMLE",5,1,0.0748874914386451,2.9259493739456,0.0851801784090745,0.196463678244931,0.113098375496012,0.46,0.243344584268781
"38","BART_TMLE",6,1,0.236885032321906,28.5121653313391,0.198772718095811,0.549244762927027,0.308593593683918,0.61,0.657586059761497
"39","BART_TMLE",7,1,0.0241556115742715,14.4574715582838,0.0541177117764863,1.05902837512214,0.059016379346506,0.9,0.210777531189238
"40","BART_TMLE",8,1,0.0019121004944673,0.0529720649173581,0.0206254670913991,1.08289736022513,0.0206109660644994,0.95,0.0844764668275828
"41","BART_TMLE",9,1,-0.078388100435958,7.62082947665938,0.193633334150672,0.944283863575508,0.207999095438707,0.93,0.71295939684935
"42","BART_TMLE",10,1,-1.17331196140307,2239.64012159122,0.124164165200302,1.0294587359144,1.17979808920519,0,0.475229230046355
"43","BART_TMLE",11,1,-0.0288241858560949,0.156418822953237,0.136633395665218,0.99991214104975,0.138970614351253,0.99,0.67270392108045
"44","BART_TMLE",12,1,0.133145190240699,1.89794069906278,0.12592252101053,0.147495143617146,0.182826579492433,0.82,0.524267252848046
"45","BART_TMLE",13,1,-0.022888273527938,30.9817132216188,0.0388867877163379,0.96847493156469,0.044954793975685,0.93,0.173215290032126
"46","BART_TMLE",14,1,-1.28335209300405,1.50091919751395,1.50915803907065,0.749234053434521,1.97529111820018,0.9,6.55198683409707
"47","BART_TMLE",15,1,0.0123077718196071,20.2127323090553,0.0227635825400994,0.89447404978739,0.0257775121049886,0.95,0.104861012964749
"48","BART_TMLE",16,1,-0.0121839731987431,38.4963477954963,0.0697223288493871,1.25997311354778,0.070434652776087,0.99,0.369329723654925
"49","BART_TMLE",25,0,0.00887880740775055,16.5495636850369,0.0176715675223886,1.02972700635705,0.0196975804782029,0.9,0.0675182168153334
"50","BART_TMLE",26,0,0.0185220634525894,18.6739626072385,0.0196912039408683,1.03139642545204,0.0269616934196687,0.84,0.07172286180181
"51","BART_TMLE",27,0,0.00851312673712,2.49429197886535,0.0242089589033079,1.03769411968289,0.0255477255565441,0.9,0.0900031720666738
"52","BART_TMLE",28,0,0.0544640700557376,91.9082305200227,0.0197331254817975,0.954131035262325,0.0578950533802661,0.18,0.0729726061942269
"53","BART_TMLE",45,0,0.00432133889434525,4.23268490065287,0.0196941770394475,0.858329844346623,0.020066289467868,0.99,0.0842617269772214
"54","BART_TMLE",46,0,0.00276193847729488,1.03538422796887,0.0245162971429407,1.17142607391094,0.0245492696733999,1,0.0956876818638474
"55","BART_TMLE",47,0,0.00609505019318343,2.04597599185953,0.0220004614318488,1.13163993864392,0.022722890155954,0.98,0.0867536253414442
"56","BART_TMLE",48,0,0.00318464003742142,1.46914267188185,0.0267081068023791,1.31319380504389,0.0267643731749048,0.93,0.0982677000400952
"57","BART_TMLE",49,0,0.00291522117204316,1.35413762943878,0.0206370604805277,0.938968483138894,0.0207395249971189,0.99,0.0996160342246737
"58","BART_TMLE",50,0,0.000793610950500832,0.624390774573927,0.0239254872802026,0.935179870183139,0.0238187839849128,0.96,0.101329035224835
"59","BART_TMLE",51,0,0.00204183262385768,2.70410020013102,0.0229615021674472,0.814777265988357,0.0229374662164694,0.99,0.105252735653976
"60","BART_TMLE",52,0,-0.00395519531669061,0.723704668134049,0.0346222603037291,1.32949014138385,0.0346750265961968,0.96,0.155166836083674
"61","BART_TMLE",53,0,-0.0113608866709037,16.0114873946501,0.0316399358986607,1.46273535881591,0.0334685588901548,0.97,0.134095697389717
"62","BART_TMLE",54,0,-0.219800110689934,51.9815877329591,0.0136860862577255,0.971082554511056,0.22022153511133,0,0.0601671059581532
"63","BART_TMLE",55,0,0.0032952901159591,3.98335209629903,0.0140125986702708,1.09280838038328,0.0143264904714124,0.95,0.0597435835304854
"64","BART_TMLE",56,0,0.00438691068327148,21.1439324897112,0.0132445751780091,0.956459284347489,0.0138891889350126,0.94,0.0483863553371903
"65","BARTpscore",1,1,-0.08781118866,5.89558239108005,0.123916968853515,0.940353850995844,0.1513693029383,0.62,0.49270006302
"66","BARTpscore",2,1,0.01429967074,61.810235872452,0.0746465868866309,1.0618911799008,0.0756364488045116,0.93,0.28733870597
"67","BARTpscore",3,1,0.150814755640001,4817.77327695331,0.0801477676025374,1.0858791988815,0.170600464606363,0.53,0.32077410064
"68","BARTpscore",4,1,0.0305078731299999,3.03342233818732,0.0562049805024357,1.03855959941491,0.0637035333232196,0.94,0.24168319
"69","BARTpscore",5,1,0.103058725557888,4.02663525954515,0.0484787369073785,0.111813700644671,0.113788342840686,0.53,0.26232517619
"70","BARTpscore",6,1,0.34991166104763,42.1163761735523,0.164391353532149,0.454242870263999,0.386254375356554,0.44,0.67787632924
"71","BARTpscore",7,1,0.01431096889,8.56531514685519,0.0324800264485127,0.635600961396114,0.0353441144674141,0.98,0.1111951847
"72","BARTpscore",8,1,0.00320644183358,0.0888299780548157,0.0206092240222301,1.08204455157614,0.020755095347471,0.91,0.06998649702
"73","BARTpscore",9,1,-0.0756130257183,7.35103889504504,0.181107672872963,0.883200476889883,0.195420876418058,0.91,0.6434399208
"74","BARTpscore",10,1,-1.1905474712875,2272.5395896978,0.1178604913678,0.977194283568137,1.19630910130295,0,0.34742455023
"75","BARTpscore",11,1,-0.00212759486709986,0.0115457167288123,0.136873265060176,1.00166755610854,0.136203797455392,1,0.6612065848
"76","BARTpscore",12,1,0.1436235763417,2.04730663113761,0.118336455006868,0.138609458310657,0.18571810116124,0.77,0.50066314634
"77","BARTpscore",13,1,-0.014106321295855,19.0944065950074,0.03838458037409,0.955967464376536,0.0407140092706665,0.98,0.1867629562
"78","BARTpscore",14,1,-1.5620020860488,1.82680881598101,1.43602393701337,0.712926020537973,2.11693023432976,0.79,5.7593397085
"79","BARTpscore",15,1,0.017258123185262,28.3425651054635,0.022907296950859,0.900121175444279,0.0285891522598443,0.87,0.08663535376
"80","BARTpscore",16,1,-0.01140614005,36.0387147284793,0.0768385280134721,1.38857208270681,0.0772995331437686,0.98,0.39771870603
"81","BARTpscore",25,0,0.016881158774019,31.4654659548051,0.0181393196521027,1.05698304912957,0.0247127110981452,0.81,0.06722984692
"82","BARTpscore",26,0,0.016791540280714,16.9292474417129,0.0191003154791106,1.0004465531574,0.0253600011018607,0.88,0.07349719454
"83","BARTpscore",27,0,0.00236533600272097,0.693028402030376,0.0242772724151616,1.04062231373818,0.0242711126808503,0.95,0.09007884167
"84","BARTpscore",28,0,0.049294834588554,83.1851350105613,0.0198385954309801,0.959230691264386,0.0531000460178733,0.26,0.07450062544
"85","BARTpscore",45,0,-0.000767701284363988,0.751951585836363,0.0183495291730269,0.79972615699406,0.0182736841913464,0.98,0.0794763278
"86","BARTpscore",46,0,-0.00724686020361799,2.71667338675491,0.023346021908474,1.11550853810553,0.0243331739477657,0.93,0.09015593955
"87","BARTpscore",47,0,-0.00190025805691999,0.637875364364362,0.0214999332966248,1.10589422281023,0.0214763973031934,0.93,0.08380156257
"88","BARTpscore",48,0,-0.00772840402399499,3.56527833719876,0.0256616362136148,1.26174056260727,0.0266770051952315,0.9,0.09173849505
"89","BARTpscore",49,0,-0.00529576897545301,2.45991628876974,0.0202530104713611,0.921494538392891,0.0208357327172073,1,0.09240634698
"90","BARTpscore",50,0,-0.007809415308373,6.14422831525608,0.02271689184547,0.887939280743089,0.0239140872881706,0.95,0.09490931262
"91","BARTpscore",51,0,-0.00626384541436399,8.2955211120929,0.020547323152741,0.729111347318739,0.0213823834787141,0.94,0.08561125108
"92","BARTpscore",52,0,-0.034224106913618,6.26218023458526,0.0289546531484251,1.11185478851807,0.0447356425413887,0.77,0.11102187374
"93","BARTpscore",53,0,-0.04427574918692,62.4001119393851,0.0276037011558134,1.27613753214036,0.0521026548305123,0.6,0.10450388336
"94","BARTpscore",54,0,-0.214136105859282,50.6420799269788,0.0128582863083535,0.912346837497253,0.214517957299843,0,0.05462111206
"95","BARTpscore",55,0,-0.00245333232392305,2.96559213651291,0.0139956755090052,1.09148858432769,0.0141399781865263,0.95,0.05663344698
"96","BARTpscore",56,0,0.011118961381458,53.5909175679711,0.0131753648272832,0.95146124691442,0.0171896956968716,0.78,0.04564921771
"97","BART",1,1,-0.08447293236,5.6714541750802,0.12801360547794,0.971441506395666,0.152837445205958,0.64,0.48681398721
"98","BART",2,1,0.02807223664,121.342064424743,0.0716170061304545,1.01879362892145,0.0765882241691947,0.95,0.27677732691
"99","BART",3,1,0.158547964580001,5064.81042672107,0.0809995295735314,1.09741926586487,0.177856041858812,0.42,0.31297458763
"100","BART",4,1,0.0364950662899999,3.62873376475566,0.0559026117934202,1.03297240905378,0.0665262418056519,0.93,0.237818314
"101","BART",5,1,0.098541107677888,3.85012619302713,0.0434176868982588,0.100140650421671,0.107594583890754,0.5,0.23593573006
"102","BART",6,1,0.31991430153763,38.5058075130113,0.164848116371164,0.455504988122184,0.359511213712061,0.47,0.65577085616
"103","BART",7,1,0.01775496139,10.6265928529732,0.0360163872972499,0.704803933224478,0.0399930869822078,0.98,0.11436942362
"104","BART",8,1,0.00629844031358,0.174489463359516,0.0189442646327235,0.994629312939893,0.0198737681689619,0.89,0.06666268316
"105","BART",9,1,-0.0743206557182999,7.22539570001958,0.181766351211808,0.886412626953743,0.195530499500522,0.89,0.6382191183
"106","BART",10,1,-1.1932841939575,2277.76349782711,0.114253986937467,0.947292359080258,1.19868703227515,0,0.34383932362
"107","BART",11,1,0.0143853387329002,0.0780642257726792,0.136048549828939,0.995632115295501,0.136128813268581,0.96,0.5825041727
"108","BART",12,1,0.1455455046117,2.07470308366975,0.115871300676873,0.135721982035379,0.185675498249013,0.78,0.49539463586
"109","BART",13,1,-0.012882060235855,17.4372390055421,0.0398419152774352,0.99226237078741,0.041682753109227,0.99,0.18403585583
"110","BART",14,1,-1.5615964195488,1.82633437670518,1.44984225294208,0.719786238346095,2.12593638436799,0.78,5.5004583649
"111","BART",15,1,0.019189894165262,31.5150621482619,0.022828227690165,0.897014221532167,0.0297349749916362,0.84,0.08341306272
"112","BART",16,1,-0.01086160132,34.3181961426078,0.0790613475247183,1.4287413206921,0.0794113599489057,0.98,0.39547450997
"113","BART",25,0,0.022381276404019,41.7173548417542,0.0172246263817716,1.0036836255329,0.0281894024400093,0.7,0.06545167543
"114","BART",26,0,0.018835058860714,18.989524885843,0.0191673305365418,1.00395670372481,0.026804330556547,0.83,0.07190706601
"115","BART",27,0,0.00800099821272097,2.34424157905316,0.0235611826107604,1.00992780175359,0.0247708297228289,0.9,0.08782469434
"116","BART",28,0,0.049537364788554,83.594405223141,0.0195716149364365,0.946321718689883,0.0532275130012873,0.26,0.07435047855
"117","BART",45,0,0.000280881155636011,0.275118766522616,0.018164921306942,0.791680406179267,0.0180760509141271,0.98,0.07920693227
"118","BART",46,0,-0.00595850437361799,2.23369980955189,0.0232201977738969,1.10949646902709,0.0238597900909191,0.93,0.08966256438
"119","BART",47,0,0.00303017818308001,1.01716501376343,0.0205724637564312,1.05818787915875,0.0206924136383553,0.97,0.08238849366
"120","BART",48,0,-0.00738775143399499,3.40812799983715,0.0255570955677662,1.25660047051765,0.026480414531722,0.89,0.09164282285
"121","BART",49,0,0.000356418644546986,0.165558587129901,0.0202694843535129,0.922244085846614,0.0201710314621715,0.98,0.09073812419
"122","BART",50,0,-0.001487414588373,1.17025596277455,0.0224817044263794,0.878746467343806,0.0224184113115457,0.96,0.09334192195
"123","BART",51,0,-0.00607393697436399,8.04401594726684,0.0206726994194004,0.733560260592078,0.0214471351616148,0.95,0.08522414565
"124","BART",52,0,-0.034781052333618,6.36408771780081,0.02903497980829,1.11493932145854,0.0452141720412639,0.76,0.11055075996
"125","BART",53,0,-0.04421356031692,62.3124659363101,0.027137736347726,1.25459566799321,0.051806670252351,0.62,0.10394461979
"126","BART",54,0,-0.214466471309282,50.7202096447902,0.0128959428323704,0.915018718475331,0.214849969988304,0,0.05447459324
"127","BART",55,0,-9.40382039230403e-05,0.113673535120599,0.0138456541842578,1.0797887872538,0.0137765729256573,0.95,0.05570861389
"128","BART",56,0,0.012252209971458,59.0529233873263,0.0130964006201982,0.945758833059508,0.0178862293761815,0.76,0.04511720952
"129","XBARTtmle",1,1,0.00286417891999999,0.19229898903927,0.141419729924887,1.07317495636021,0.140740001892829,0.69,0.30263502374
"130","XBARTtmle",2,1,0.02677162093,115.720161286118,0.0776599589356362,1.10475815257911,0.0817770029830237,0.68,0.17034955495
"131","XBARTtmle",3,1,0.124079178030001,3963.70597560229,0.080515548327976,1.09086206305164,0.147694171882068,0.36,0.18827762284
"132","XBARTtmle",4,1,0.0359820650899999,3.57772564324664,0.0562446366637888,1.03929236876526,0.066532199498049,0.54,0.10298738707
"133","XBARTtmle",5,1,0.072151340097888,2.81904446701508,0.0827102403119703,0.190766893703533,0.109445830856458,0.25,0.12543810956
"134","XBARTtmle",6,1,0.23899995385763,28.7667233838184,0.198638255039227,0.548873217322865,0.310134749335395,0.4,0.39423092686
"135","XBARTtmle",7,1,0.02427984411,14.5318264694143,0.0537735532176484,1.05229354344899,0.0587553393778017,0.63,0.09941449233
"136","XBARTtmle",8,1,0.00223545878357999,0.0619302532197021,0.0203491174957139,1.06838819801607,0.020370149557598,0.69,0.04267865503
"137","XBARTtmle",9,1,-0.0762507331183,7.41303630695291,0.192651613170292,0.939496344503073,0.206295108806833,0.54,0.3148649313
"138","XBARTtmle",10,1,-1.1735088796875,2240.01600294672,0.124223759628491,1.02995283986631,1.18000013463435,0,0.17286312011
"139","XBARTtmle",11,1,-0.0311687943670999,0.169142197185159,0.141387721242,1.03470530302587,0.144090515243454,0.88,0.4427621729
"140","XBARTtmle",12,1,0.1334571505117,1.90238758966207,0.126143978465561,0.147754540418232,0.183204779666883,0.54,0.30400735535
"141","XBARTtmle",13,1,-0.023099668425855,31.2678587054965,0.0386249408280568,0.961953638290009,0.044839289410244,0.68,0.08889789588
"142","XBARTtmle",14,1,-1.2984341452488,1.51855811506078,1.53680846268713,0.762961336084198,2.00601437632558,0.74,4.5188871447
"143","XBARTtmle",15,1,0.012864591625262,21.1271829375723,0.0228141193586773,0.896459847615877,0.0260917021172559,0.62,0.05026630285
"144","XBARTtmle",16,1,-0.01093076062,34.5367111067057,0.0695613976425473,1.25706487744759,0.0700705479448854,0.95,0.26463536595
"145","XBARTtmle",25,0,0.00891559498401903,16.6181335174832,0.0175956398499378,1.02530268040219,0.0196468397008398,0.47,0.02715243062
"146","XBARTtmle",26,0,0.018508582500714,18.6603710982862,0.0196484773782267,1.0291584706722,0.0269215464421269,0.41,0.03257665692
"147","XBARTtmle",27,0,0.00823303680272097,2.41222740984088,0.0243092813481345,1.04199434636693,0.0255502376321844,0.53,0.03603090788
"148","XBARTtmle",28,0,0.054508345208554,91.9829449316924,0.0197014349461756,0.952598742590857,0.0579260284407959,0.04,0.02333868812
"149","XBARTtmle",45,0,0.00428256173563601,4.19470327084513,0.0197868497558743,0.862368792412663,0.0201480660126092,0.64,0.03739043323
"150","XBARTtmle",46,0,0.00293573230638201,1.10053534955771,0.0244598476445292,1.16872883077048,0.0245136661782847,0.46,0.03983450284
"151","XBARTtmle",47,0,0.00622820017308,2.09067154867212,0.0218903117674251,1.12597415932032,0.0226535729892278,0.49,0.03436988231
"152","XBARTtmle",48,0,0.003136335376005,1.44685869676888,0.0266935869438031,1.31247988741306,0.0267443210360236,0.45,0.0368404226
"153","XBARTtmle",49,0,0.00293708750454699,1.36429467136246,0.0206694750912523,0.940443320017544,0.0207745375773274,0.62,0.04002565061
"154","XBARTtmle",50,0,0.000869023691626999,0.683723398216274,0.0238682164231155,0.932941313782228,0.0237644701149653,0.59,0.03997207299
"155","XBARTtmle",51,0,0.00210570594563601,2.78869080769879,0.0229423161603051,0.814096460249668,0.0229242310584431,0.71,0.05108302143
"156","XBARTtmle",52,0,-0.00399740214361799,0.731427492224574,0.0346493079068084,1.33052876570608,0.0347065990401597,0.72,0.08107126355
"157","XBARTtmle",53,0,-0.01146161610692,16.1534506182756,0.0316023625471738,1.46099831769342,0.0334677586515708,0.64,0.0640824299
"158","XBARTtmle",54,0,-0.219785969889282,51.9782435068463,0.0136947777015782,0.971699247211946,0.220207956321076,0,0.0254138111
"159","XBARTtmle",55,0,0.00339318629607696,4.10168915937083,0.0140408502442545,1.09501165170611,0.0143766384828183,0.6,0.02405833774
"160","XBARTtmle",56,0,0.00447489413145801,21.5679931152812,0.0132742482191089,0.958602128136233,0.0139451886546023,0.3,0.01464292834
"161","BARTcv",1,1,-0.03533247243,2.37219772867643,0.132098701133542,1.00244158222848,0.136102717756751,0.92,0.52969954148
"162","BARTcv",2,1,0.00835856163999996,36.129829554581,0.075130870177741,1.06878039181057,0.075220121841284,0.93,0.28628405701
"163","BARTcv",3,1,0.147046461780001,4697.39523183847,0.0810996691346301,1.0987760031719,0.167732068169525,0.51,0.30270867916
"164","BARTcv",4,1,0.0247177755899999,2.45770828748058,0.0562847958729789,1.04003443346907,0.061214923785919,0.94,0.23665737857
"165","BARTcv",5,1,0.110415656057888,4.31407987515592,0.0488468824413663,0.112662809288108,0.120639027050503,0.33,0.2207514731
"166","BARTcv",6,1,0.28790122245763,34.6526210345434,0.204017147043037,0.563736063148711,0.352269612963284,0.57,0.71670758676
"167","BARTcv",7,1,0.02235684296,13.3808833708638,0.0424808469562048,0.831306809712322,0.0478163629072039,0.95,0.16363402406
"168","BARTcv",8,1,0.00518148723357998,0.14354584338002,0.0201932234432825,1.06020330420956,0.0207493715628156,0.89,0.0649547841
"169","BARTcv",9,1,-0.0837704372182999,8.1440960257409,0.19070497031315,0.930003229868616,0.207417906644684,0.88,0.6103020631
"170","BARTcv",10,1,-1.1879445348575,2267.57105528039,0.123335641748704,1.02258935694518,1.19426621053185,0,0.30214346276
"171","BARTcv",11,1,-0.0229470918670999,0.124525879689073,0.145284688145608,1.06322413256396,0.146366434774603,0.98,0.6167632819
"172","BARTcv",12,1,0.1403691728117,2.00091618399044,0.119202395744767,0.139623749102132,0.183767852780675,0.82,0.47859680057
"173","BARTcv",13,1,-0.015059957205855,20.385254253106,0.0390616980452431,0.972831070982842,0.0416816554695007,0.96,0.18306703159
"174","BARTcv",14,1,-1.1594193174488,1.35597605755565,1.51825015456412,0.753747909749837,1.90428092732902,0.83,5.2785645565
"175","BARTcv",15,1,0.014243614385262,23.3919160106676,0.0227324913141946,0.89325234864703,0.0267297409357531,0.65,0.05477930564
"176","BARTcv",16,1,-0.01438278709,45.4436959974873,0.0713393617168882,1.28919499942562,0.072424278038152,0.97,0.32237203928
"177","BARTcv",25,0,0.018950700444019,35.3229673165989,0.0178099936728474,1.03779313548413,0.0259451915236627,0.77,0.06517668954
"178","BARTcv",26,0,0.014948553330714,15.0711461843653,0.019481648061885,1.02042019539699,0.0244785316507399,0.87,0.06977439046
"179","BARTcv",27,0,-0.00221642590727903,0.649398691337431,0.0244256364515831,1.04698179779456,0.0244040599635945,0.92,0.08784238882
"180","BARTcv",28,0,0.048091657548554,81.1547712746975,0.019683376007981,0.951725561431021,0.0519265679968187,0.26,0.07246805541
"181","BARTcv",45,0,-0.00447800304436399,4.38613502305027,0.0189618002801955,0.826410722846257,0.0193908968960359,0.94,0.07842949731
"182","BARTcv",46,0,-0.011009965513618,4.12737095231981,0.0230239210742871,1.10011806892517,0.0254169091911214,0.87,0.08769685976
"183","BARTcv",47,0,-0.00580988703692,1.95025291280591,0.0209815548875001,1.07923034064969,0.0216697525695144,0.91,0.08141871598
"184","BARTcv",48,0,-0.012754452733995,5.88390227712652,0.0254506304477852,1.25136575519144,0.0283537177250453,0.87,0.09017572678
"185","BARTcv",49,0,-0.011288235755453,5.24345286492346,0.0198520643467969,0.903251834944032,0.0227505534155053,0.96,0.08983106532
"186","BARTcv",50,0,-0.012657651358373,9.95868407681826,0.0223492885238687,0.87357070289354,0.0255873392219281,0.93,0.09260121317
"187","BARTcv",51,0,-0.010571522504364,14.0003915040456,0.0211132238365453,0.749192046247256,0.0235173898769531,0.94,0.08488071101
"188","BARTcv",52,0,-0.043417984723618,7.94443654725664,0.028166937597965,1.0816066172732,0.051677500010851,0.65,0.10954439115
"189","BARTcv",53,0,-0.05380447118692,75.8294345450642,0.0270640552254098,1.25118934052042,0.0601669309014154,0.46,0.10482506809
"190","BARTcv",54,0,-0.208689985069282,49.354100568092,0.0128269625771437,0.910124293495468,0.209079878341946,0,0.05287370392
"191","BARTcv",55,0,-0.00847528083392305,10.2449333711258,0.0140405548485976,1.09498861451957,0.0163400181721372,0.95,0.05673817721
"192","BARTcv",56,0,0.015090213481458,72.7314682571421,0.0132407703176875,0.95618451570211,0.0200319585047412,0.69,0.04440951088
"193","DR-CFR",1,1,-0.01648584091,1.10684794106901,0.210740829082167,1.59922367390809,0.210331554984806,0.91,1.59155684083
"194","DR-CFR",2,1,0.18643580559,805.867584513946,0.127317126891237,1.81116029191589,0.225401561436103,0.54,0.51057136514
"195","DR-CFR",3,1,0.178590611820001,5705.07224899772,0.0974183802798745,1.31986948481512,0.203199517810533,0.64,0.47535201503
"196","DR-CFR",4,1,0.12568466305,12.4969270338452,0.11256400956962,2.07996571908952,0.168346619252891,0.48,0.45516868513
"197","DR-CFR",5,1,-0.055134760812112,2.15418510864407,0.405056737327157,0.934242425872948,0.40678015278451,0.23,0.9235392817
"198","DR-CFR",6,1,-0.24339765585237,29.296043472652,0.436299443530212,1.20557381678223,0.497690718473787,0.38,2.34594030426
"199","DR-CFR",7,1,0.15697958575,93.9544788271515,0.112908577864148,2.20950560967313,0.19303744151846,0.92,0.93759477831
"200","DR-CFR",8,1,0.05323482116358,1.47479612640691,0.0468235408116577,2.45837287061887,0.0707422484708954,1,1.73965055547
"201","DR-CFR",9,1,-0.6090540901583,59.2117596592403,0.914124401284409,4.45787356407247,1.0946296504078,1,12.89950912728
"202","DR-CFR",10,1,-1.2079452112275,2305.74872561084,0.311619004577881,2.58366740534304,1.24710343328106,1,15.50382750098
"203","DR-CFR",11,1,0.2365689646329,1.28377742149896,0.210877435368977,1.54324575534611,0.316211123852089,1,10.05959170312
"204","DR-CFR",12,1,0.2324929306617,3.31410991677219,1.10261023988783,1.29150571622046,1.12144764055309,0.94,5.88377320298
"205","DR-CFR",13,1,0.042332709744145,57.3018262642759,0.0896088914416159,2.23170825113038,0.0986991094459488,0.87,0.48423303243
"206","DR-CFR",14,1,-8.4108329644488,9.83672425692185,5.76517998647304,2.86217152757887,10.1807189544513,0.93,107.27372618614
"207","DR-CFR",15,1,0.073844634345262,121.273114935641,0.108438680002822,4.26099824510748,0.130745508026594,1,3.40291466744
"208","DR-CFR",16,1,-0.00496854127999999,15.6985484152979,0.163816345919935,2.96037431372424,0.163070915987816,0.9,0.88161688951
"209","DR-CFR",25,0,0.016434702094019,30.6332975205827,0.0347730581095648,2.02623547592354,0.0383036988750096,1,1.49106863285
"210","DR-CFR",26,0,0.053779594330714,54.2206399483969,0.0412755040229606,2.16195045441878,0.0676673874654704,1,1.4861999502
"211","DR-CFR",27,0,0.032493700232721,9.52044746388327,0.0357444189149684,1.53215069956917,0.0481739286704644,0.99,0.7763444439
"212","DR-CFR",28,0,0.048013621078554,81.0230845706669,0.0601003555375328,2.90595701636599,0.0766892431665318,0.99,1.3827546559
"213","DR-CFR",45,0,0.043225113175636,42.3383327114054,0.0361004593305867,1.57336361788557,0.0562016115541814,0.99,0.42611991738
"214","DR-CFR",46,0,0.068556818706382,25.700300492512,0.030690496375282,1.46643873116975,0.075050149188548,0.78,0.27767545931
"215","DR-CFR",47,0,0.07306357454308,24.5258553509146,0.034530723279144,1.77616027254646,0.0807386714449229,0.99,0.60206678486
"216","DR-CFR",48,0,0.011702457736005,5.39859444830051,0.0354846092673885,1.7447200360973,0.0371956104530309,1,0.52858091254
"217","DR-CFR",49,0,0.081653164784547,37.9283822640554,0.036712868655759,1.67040391367278,0.0894516388727341,0.85,0.37359833018
"218","DR-CFR",50,0,0.072607006551627,57.1251505938199,0.0358397500701846,1.40087482547388,0.0808914099804817,0.76,0.31637551266
"219","DR-CFR",51,0,0.022764591195636,30.1482770373792,0.0423537641345821,1.50290185259805,0.0478970723041458,0.99,0.41525292379
"220","DR-CFR",52,0,-0.022098371753618,4.04346524399618,0.045163049840578,1.73425504259781,0.0500763626310319,0.84,0.34589608133
"221","DR-CFR",53,0,-0.06038291307692,85.1007742256135,0.0790356167619436,3.65386932558268,0.0991476606956831,0.87,0.40118145122
"222","DR-CFR",54,0,-0.238848280879282,56.4863813235622,0.024386119897028,1.73029273367698,0.240077565162145,0.94,0.74193985132
"223","DR-CFR",55,0,0.039809679126077,48.1220054136862,0.0229476922388838,1.78963452670011,0.045892713641937,1,0.6893364552
"224","DR-CFR",56,0,0.036781204671458,177.277215018109,0.0257260391681611,1.85781036244407,0.0448114697086876,1,0.6134523889
"225","Std",1,1,0.009343219345382,0.627297275998776,0.134489239754265,1.02058237617098,0.134140887880315,0.93,0.509064786027596
"226","Std",2,1,0.0437689380931685,189.190956674119,0.082129208165547,1.16833582620039,0.0927009962587478,0.86,0.265781787580367
"227","Std",3,1,-0.00239033230262591,76.3591005519285,0.0757466218123859,1.02625043057356,0.0754048333818576,0.94,0.259734351861219
"228","Std",4,1,0.0365599955131694,3.6351897295856,0.0588774669748447,1.08794199320662,0.0690544989709082,0.91,0.230543839086532
"229","Std",5,1,-0.0394058931974319,1.53963828024948,0.535728755731492,1.2356306814377,0.534497961772656,0.96,0.788247843490358
"230","Std",6,1,0.109782217519593,13.2137041571546,0.384187738663657,1.0615798056355,0.397713906769199,0.9,1.16506468206592
"231","Std",7,1,0.0588179521426632,35.2033674496065,0.0722035130992713,1.41294904469436,0.092848076582633,0.79,0.22496487180119
"232","Std",8,1,0.0282909247679909,0.783760428763248,0.0213014506133963,1.11838847265825,0.0353495502726801,0.75,0.0830601041842944
"233","Std",9,1,-0.039987378043296,3.88754144560038,0.219112215828279,1.06853569725717,0.221650743054708,0.91,0.787530063634833
"234","Std",10,1,-1.26133012381064,2407.65085909447,0.133862979854603,1.10987267384712,1.26834292903535,0,0.489501369576695
"235","Std",11,1,0.197289806046125,1.07062310090823,0.144887174505881,1.06031504351834,0.24434737152802,0.7,0.545645472861974
"236","Std",12,1,0.336662992627646,4.79901973493117,0.949177514779532,1.11178741290341,1.00263180960032,0.92,1.44240067396826
"237","Std",13,1,-0.0147824892703446,20.0096718835714,0.0455018181638862,1.13322217699726,0.0476259728581477,0.88,0.166813964748273
"238","Std",14,1,-0.831352222181343,0.972291639192364,2.99511186728729,1.48694818350462,3.09388665983667,0.92,10.1966088922073
"239","Std",15,1,0.0395136986320893,64.8923155789059,0.0352491776024266,1.38508402999292,0.0528338135668675,0.83,0.136106179887871
"240","Std",16,1,-0.00255237661810437,8.06446110746327,0.055218279007151,0.997866079253913,0.055000748899875,0.95,0.228152876425393
"241","Std",25,0,0.00191002020044766,3.56016292451868,0.0188272206595026,1.09706722638903,0.0188299700623793,0.89,0.0649174791981032
"242","Std",26,0,0.0314705141896149,31.7286033876144,0.0212247982525856,1.11172384961304,0.0378996095443354,0.55,0.0673050733260771
"243","Std",27,0,-0.00226530303063028,0.663719377554101,0.022323070578043,0.956857300829079,0.0223263943137388,0.95,0.0855427084776756
"244","Std",28,0,0.0506974066943837,85.551978331151,0.0213798336151598,1.03375224567368,0.0549795721890735,0.25,0.0722870264016912
"245","Std",45,0,0.00285061902189798,2.79213743390741,0.0210655189792661,0.91809693750278,0.0211528853297882,0.89,0.0759426044332429
"246","Std",46,0,0.00116117951708389,0.435298239882124,0.0251116621406575,1.19987352165369,0.0250127558973969,0.95,0.08705127430573
"247","Std",47,0,0.0025599070355813,0.859305201792949,0.0226075651395726,1.16286759287686,0.0226394369531452,0.93,0.0798599705564277
"248","Std",48,0,0.00184213325169264,0.849815531913444,0.0260179734169112,1.27926107843184,0.0259530161297846,0.91,0.0878556162432591
"249","Std",49,0,0.00474021376175619,2.20185757702866,0.0212763223572687,0.968054348119441,0.0216938862499795,0.97,0.088766067885111
"250","Std",50,0,-0.000371965470442228,0.292651970159445,0.0223146492062869,0.87221674959094,0.0222059111909159,0.96,0.0907695884306981
"251","Std",51,0,0.0029434403931292,3.89814408053517,0.0227049791254435,0.805674675865873,0.0227821148637228,0.95,0.0820964493796711
"252","Std",52,0,-0.00086478892514955,0.158235366895868,0.0311316514977734,1.19545123247859,0.03098767154231,0.92,0.109331366246502
"253","Std",53,0,-0.00479674940272931,6.76030796027529,0.028332571654023,1.3098337018527,0.0285957352624063,0.89,0.0979364675585421
"254","Std",54,0,-0.220569382221632,52.1635164657969,0.0145382226591298,1.0315450401249,0.22104320548829,0,0.0547680881639146
"255","Std",55,0,0.00372208360044709,4.49926076027024,0.0145418611055498,1.13408426634169,0.014940045967054,0.92,0.0558705730875376
"256","Std",56,0,0.000458875827888573,2.2116792947334,0.013323353512863,0.962148275407128,0.0132645089756783,0.84,0.0452485681064371
"257","FisherBART",1,1,0.011350487794176,0.762063889473296,0.13689433311981,1.03883361996124,0.136680252520546,0.93,0.499860713903679
"258","FisherBART",2,1,0.0441072437068451,190.65328053867,0.0820287199744976,1.16690632314861,0.0927732328803035,0.86,0.266262259135237
"259","FisherBART",3,1,-0.000355014934221106,11.3409424412854,0.0765188415073267,1.03671282183892,0.0761361137054596,0.92,0.258780930284832
"260","FisherBART",4,1,0.0382741490585533,3.805629393914,0.0595196518204319,1.09980833014013,0.0705129317888112,0.92,0.231748260070781
"261","FisherBART",5,1,-0.0739864987007051,2.89074644369836,0.347261622473668,0.800940981091105,0.35335354828925,0.74,0.562939978247109
"262","FisherBART",6,1,0.08676089146958,10.442790992862,0.554897041242033,1.53328030519251,0.55889092979218,0.78,0.991737077254962
"263","FisherBART",7,1,0.054467401825601,32.5995022037022,0.0654584716161415,1.28095546833044,0.0849038353249691,0.77,0.217176932906493
"264","FisherBART",8,1,-0.0054141234698018,0.149990704328976,0.0200958192920141,1.05508930132099,0.0207151216852176,0.99,0.10675203095198
"265","FisherBART",9,1,-0.0639151441984989,6.21378005339979,0.210454883728224,1.02631683530577,0.218937185425694,0.93,0.770957089434814
"266","FisherBART",10,1,-1.16084355560629,2215.84019216635,0.128343062587516,1.06410643329808,1.16784630105586,0,0.49748742867034
"267","FisherBART",11,1,0.0634020524527741,0.344060868431617,0.153254791961012,1.12155104108914,0.165142305911136,0.97,0.675752946913323
"268","FisherBART",12,1,0.283872252545651,4.04650517579365,0.688702151649176,0.806688286985914,0.741721647867099,0.88,1.15807749341111
"269","FisherBART",13,1,-0.00368064509984952,4.9821447133137,0.0443167231885008,1.10370740237621,0.0442479308327021,0.96,0.173983423816899
"270","FisherBART",14,1,-0.90842750834203,1.06243352409136,2.97217360626983,1.47556029314727,3.09365775810147,0.88,7.00032623399651
"271","FisherBART",15,1,0.0410203543783544,67.3666569729056,0.0341042440451516,1.34009491837531,0.0532366221749476,0.5,0.0803916254528012
"272","FisherBART",16,1,-0.00295196931156383,9.32700978949265,0.057215752907103,1.03396302911899,0.0570054390364271,0.95,0.227650260053675
"273","FisherBART",25,0,0.000500651644872475,0.933184593417667,0.0185606195880083,1.08153231003859,0.0184743683400912,0.96,0.0746139314925075
"274","FisherBART",26,0,0.0463807292552701,46.7610968954047,0.0255361843882609,1.33754794154934,0.0528842868178329,0.4,0.0796996535866068
"275","FisherBART",27,0,0.00728222334142716,2.13364511415375,0.0235586783753471,1.00982046007182,0.024545712259365,0.91,0.083696476309561
"276","FisherBART",28,0,0.0530850756385222,89.5811745975851,0.0217655935750285,1.05240441256999,0.0573326164463494,0.24,0.0750016174321036
"277","FisherBART",45,0,0.00456567487868716,4.47200823466943,0.0196937074361292,0.858309377660338,0.0201198677568201,0.95,0.0774587234376997
"278","FisherBART",46,0,0.000615998918654543,0.230923161418668,0.0248163602518062,1.18576354695977,0.0246996492577068,0.92,0.0827964061707404
"279","FisherBART",47,0,0.00351464343070147,1.17978947691098,0.0228201694284267,1.17380334098104,0.0229761887583571,0.9,0.076424823999157
"280","FisherBART",48,0,0.00264824566519298,1.22169245712032,0.0272104912252695,1.33789522311038,0.0272033073264351,0.88,0.0874523715118609
"281","FisherBART",49,0,0.00735028719546145,3.4142522612034,0.0208884034407979,0.95040437142227,0.022045155163397,0.94,0.083067461616963
"282","FisherBART",50,0,0.00157893271931,1.24225985413624,0.0233919584243492,0.914325730816508,0.0233281998934621,0.93,0.0863183262474878
"283","FisherBART",51,0,0.00124040355485462,1.64272794044621,0.0229728456078976,0.815179782223127,0.02289132411963,0.95,0.0818618287919106
"284","FisherBART",52,0,-0.00212103944561493,0.38809869682298,0.0320320060571424,1.23002472652347,0.0319419430569622,0.9,0.110627039930148
"285","FisherBART",53,0,-0.00229842788550838,3.23929374373404,0.0325090929283,1.50291706852888,0.0324276962261509,0.93,0.116943366716269
"286","FisherBART",54,0,-0.220453230090769,52.1360470884525,0.0143964705642954,1.02148716208972,0.220918112517998,0,0.0665810921446913
"287","FisherBART",55,0,0.00476107900834401,5.75520011324181,0.0147100681502171,1.14720232334006,0.0153912350790274,0.98,0.0715743365718243
"288","FisherBART",56,0,0.000334571684638612,1.6125610078964,0.014044188126611,1.0142034715559,0.0139777954680431,0.99,0.0621764624300343
"289","Fisheric",1,1,0.0109185428306609,0.733063403775788,0.135758449641465,1.03021387713645,0.135518514086115,0.92,0.500238587857803
"290","Fisheric",2,1,0.0431042988892044,186.318057940011,0.0827838938548449,1.17764911148332,0.0929657029967633,0.87,0.267483929085581
"291","Fisheric",3,1,-0.00132778002031425,42.4158967230778,0.0754288946862454,1.02194571582583,0.0750625470646657,0.93,0.258041489984158
"292","Fisheric",4,1,0.0376756122389524,3.74611639702076,0.0587016232044853,1.08469273959829,0.0695044856016708,0.93,0.234135831557099
"293","Fisheric",5,1,-0.0244697455050929,0.956064025724427,0.667425574389882,1.53938258581298,0.664530734293946,0.91,0.699935403212301
"294","Fisheric",6,1,0.124225471187305,14.9521358024967,0.382323440411532,1.05642841433128,0.400176796739812,0.91,1.15557486405223
"295","Fisheric",7,1,0.0549783098983981,32.905287834865,0.0671166620601794,1.31340456260932,0.0864997943472909,0.77,0.218305250991215
"296","Fisheric",8,1,0.0224700218533743,0.622500469904959,0.0209682004102299,1.10089186209888,0.030662202403778,0.9,0.106812570217546
"297","Fisheric",9,1,-0.0279445768509279,2.71674978464762,0.217486304810144,1.06060668263389,0.21819300911704,0.94,0.852562283952335
"298","Fisheric",10,1,-1.25199721013859,2389.83601649603,0.134642338752013,1.11633442409573,1.25914426813832,0,0.540443463810949
"299","Fisheric",11,1,0.154323581228942,0.83746035535138,0.136544663658763,0.999262781424876,0.205605857030566,0.94,0.702508483125637
"300","Fisheric",12,1,0.369139903674725,5.26196737235361,1.17367674484798,1.37474709569212,1.22474740206622,0.92,1.169316018539
"301","Fisheric",13,1,-0.00972761966687197,13.1673681057742,0.0457607385278699,1.13967058522318,0.0465589016525651,0.96,0.182855327434423
"302","Fisheric",14,1,-0.916130737304879,1.07144268400641,3.01643369931581,1.49753358425378,3.13802152121033,0.91,10.2387105179678
"303","Fisheric",15,1,0.0390515284765077,64.1333055994454,0.035121839925311,1.38008041302976,0.0524044853012915,0.82,0.133706929446558
"304","Fisheric",16,1,-0.00236241703716787,7.46426690352554,0.0578215397155073,1.04491038420204,0.0575801889956847,0.93,0.229819141888762
"305","Fisheric",25,0,-0.00822992942298238,15.3400940975599,0.0200054945487269,1.16572556374832,0.0215394835668133,0.91,0.0764813324435021
"306","Fisheric",26,0,0.0582153422934824,58.6927654113021,0.0257452352225548,1.34849771810317,0.0636020050285001,0.26,0.079099671144137
"307","Fisheric",27,0,0.00742918984076428,2.17670536355191,0.0237968843494341,1.02003093378821,0.0248157540563057,0.9,0.0830165002178099
"308","Fisheric",28,0,0.06478300378171,109.321452459495,0.0228653882777881,1.10558140469361,0.0686617455375563,0.08,0.0752137736210567
"309","Fisheric",45,0,0.00959624648126552,9.39937565122395,0.0206450916595723,0.899773485085901,0.0226725728152987,0.89,0.0778387603376965
"310","Fisheric",46,0,0.00418111576149268,1.56739961818469,0.0248707435821523,1.1883620654384,0.0250968140702536,0.9,0.0826966197024161
"311","Fisheric",47,0,0.00579307943215131,1.94461096487317,0.0230665837256706,1.18647817787379,0.0236707917322774,0.92,0.0757895439592248
"312","Fisheric",48,0,0.00396181814953519,1.82767158401705,0.0270656909316252,1.33077563017221,0.0272198845037995,0.89,0.0869403462962455
"313","Fisheric",49,0,0.00972187940135798,4.51587099205168,0.0207884800839347,0.945857944720049,0.022855070208877,0.93,0.0819983408528536
"314","Fisheric",50,0,0.00530635075389632,4.17488752555059,0.0230817827895659,0.902201839400066,0.0235711342132836,0.92,0.0855919299130051
"315","Fisheric",51,0,0.000351329551084752,0.465283147256853,0.0223573378262276,0.793338800571036,0.0222480444440129,0.95,0.0801642610137868
"316","Fisheric",52,0,-0.0019866429850813,0.363507409141576,0.031199618057487,1.19806113923483,0.0311067316768238,0.93,0.10566668804825
"317","Fisheric",53,0,-0.00347744162857564,4.90093902126227,0.0311876555126434,1.44182613463653,0.0312255625744631,0.95,0.114716177435789
"318","Fisheric",54,0,-0.214221490353893,50.662272917709,0.0141837848292292,1.00639625859644,0.214685851615806,0,0.0684319818455226
"319","Fisheric",55,0,-0.0175647940969357,21.2323519098486,0.0170819680226608,1.33218100709669,0.0244417202111406,0.88,0.0717458546095611
"320","Fisheric",56,0,-0.0317629432255024,153.090312459637,0.0164195225628969,1.18573865818749,0.0357181925120524,0.57,0.0669181986796931
"321","SBBSP",1,1,-0.00771149972254746,0.517744750604649,0.146587543004382,1.11239132015195,0.146056481932134,0.96,0.567698495651763
"322","SBBSP",2,1,0.0964462114597638,416.888135938465,0.0835370255684529,1.18836284880662,0.127320548221242,0.74,0.299399397573868
"323","SBBSP",3,1,0.219720603818724,7018.96872744147,0.0838578845640314,1.1361455875086,0.235029715351025,0.24,0.324914823237434
"324","SBBSP",4,1,0.0774298904899837,7.69891622581672,0.0631940839439302,1.16770474643891,0.0997443996640826,0.68,0.225453855243539
"325","SBBSP",5,1,-0.0741845981072353,2.89848643903511,0.371171436420711,0.856087730979663,0.376688077139162,0.89,0.686513639124298
"326","SBBSP",6,1,-0.207059477247558,24.9222755479138,0.36183378820489,0.999811820884742,0.415316843508502,0.85,1.14538898729347
"327","SBBSP",7,1,0.17553616206531,105.060849430637,0.0904928651078041,1.77085299339844,0.197281558290895,0.31,0.274797032746141
"328","SBBSP",8,1,0.0981197427251169,2.71826998442223,0.0231314664316212,1.21446965665977,0.100782925162587,0.04,0.101398673013367
"329","SBBSP",9,1,-0.558988017836552,54.3443754822011,0.217020740158176,1.05833628229072,0.599245046476858,0.25,0.910686566242081
"330","SBBSP",10,1,-1.36086566457343,2597.64618680769,0.13629448987319,1.13003259056753,1.36760585809837,0,0.536259073795295
"331","SBBSP",11,1,-0.898169256210238,4.8740519010872,0.791798532681933,5.79454943822045,1.19473155143528,0.77,2.72291160466278
"332","SBBSP",12,1,0.516690718955629,7.36525549710873,0.377928296749824,0.442673700929455,0.639038964824733,0.31,1.09270906832602
"333","SBBSP",13,1,0.0185706990661241,25.1374168562496,0.0408044844985321,1.01623514445358,0.0446455681948789,0.97,0.19295086348647
"334","SBBSP",14,1,-9.58283958293056,11.207421544815,2.42878713774805,1.2057915639274,9.8828554255876,0.05,10.5297208171985
"335","SBBSP",15,1,-0.00238783029458647,3.92147134764398,0.0853561715134138,3.35399229332453,0.0849618796213265,0.94,0.346931126295801
"336","SBBSP",16,1,-0.148053008125531,467.786657110985,0.175538688871221,3.17221228859041,0.228965906179806,1,2.1979114886754
"337","SBBSP",25,0,0.0392784855899508,73.2127378002652,0.0184421857085085,1.07463113593312,0.0433533447591996,0.35,0.0643096674909106
"338","SBBSP",26,0,0.0445989718333243,44.9647273085198,0.0274255670391194,1.43651103787694,0.052284877342619,0.48,0.0916679793981532
"339","SBBSP",27,0,0.0376582985957677,11.0336419303581,0.0237344589057696,1.01735512620524,0.044450407729088,0.55,0.0822584420498159
"340","SBBSP",28,0,0.0646136022528333,109.035587030221,0.0215728045065598,1.04308272484976,0.0680856051704235,0.13,0.0771900455111502
"341","SBBSP",45,0,-0.00569820723534403,5.58130623760901,0.0199666515741418,0.870205081605032,0.0206676091754531,0.99,0.102794105191135
"342","SBBSP",46,0,0.0204210893020176,7.65537464178479,0.0275455278058738,1.3161673356831,0.0341787862476727,0.89,0.104418149513976
"343","SBBSP",47,0,0.0380810597729659,12.7829848107227,0.024282090432294,1.24900031811006,0.0450986788058884,0.61,0.0915912923474854
"344","SBBSP",48,0,-0.00166934824492045,0.770106106820626,0.0281747118036772,1.3853043674436,0.0280831437864582,1,0.125194738699261
"345","SBBSP",49,0,0.0537845737436446,24.9832554346295,0.0322457960506972,1.46715595633875,0.0626272610138689,0.53,0.107241448824041
"346","SBBSP",50,0,0.0450846259678504,35.4713156511723,0.0306617455315091,1.1984812208808,0.0544367955643019,0.6,0.106603934368445
"347","SBBSP",51,0,-0.0139025875989807,18.4118861994259,0.0207565650797554,0.736536191041056,0.0248959552120089,0.98,0.111978343317023
"348","SBBSP",52,0,-0.0403988735697327,7.3920125426918,0.0243081853338023,0.933431049062409,0.0470855389815547,0.62,0.109003051537896
"349","SBBSP",53,0,-0.074671602768602,105.238566416637,0.035536316292746,1.6428676255841,0.0826199112680073,0.55,0.162168173035716
"350","SBBSP",54,0,-0.184963236620539,43.7428474516364,0.0124910576444651,0.886290495143201,0.185380325701008,0,0.0609394913514376
"351","SBBSP",55,0,0.0246816505902339,29.8352197102723,0.0154940422822077,1.20834255304354,0.0291006626838428,0.58,0.0558301240103129
"352","SBBSP",56,0,0.0308169870696331,148.531014461117,0.0126489188428026,0.913443859206892,0.0332878639816799,0.34,0.0513499023983522
"353","eb",1,1,-0.00341910402591001,0.229556276324593,0.170317608918763,1.29246882748149,0.169498369611824,0.91,0.66323828414259
"354","eb",2,1,0.05149340569,222.57991875796,0.0978649828947388,1.3921863877701,0.110151487315299,0.86,0.327129346113
"355","eb",3,1,0.028485826853001,909.978965930222,0.0882243575704596,1.19530459283076,0.0922883753651145,0.92,0.341802895348
"356","eb",4,1,0.0390434383999999,3.88212045125286,0.0590566540275846,1.09125302422292,0.070549284781485,0.9,0.26693282841
"357","eb",5,1,-0.030067047014512,1.17475770250071,0.677091278351629,1.56167603234736,0.674367926686774,0.94,0.90519076567383
"358","eb",6,1,0.11154789735763,13.4262264721817,0.584168654040428,1.61416303490492,0.591847463122618,0.87,1.33579590350782
"359","eb",7,1,0.055863624716098,33.4351611422606,0.0693074408568831,1.356275867274,0.0887481307463435,0.9,0.29229806721465
"360","eb",8,1,0.01258772803358,0.348725366938737,0.0237533769222531,1.24712177676048,0.0267774454178492,0.9,0.10011610986
"361","eb",9,1,-0.0589063180183,5.72682591131405,0.209275379329887,1.0205647938236,0.216398190501226,0.93,0.9213954155
"362","eb",10,1,-1.1552338388675,2205.13225847756,0.134224574896385,1.11287069806792,1.16292789828329,0,0.48997369762
"363","eb",11,1,0.0601415429329001,0.326367218249346,0.147780291080674,1.08148748364195,0.158863556154078,1,1.12899303454
"364","eb",12,1,0.2196626139487,3.13121799084196,0.707342335994749,0.828521844994735,0.737279806080689,0.96,1.73268012163
"365","eb",13,1,0.00179636448714502,2.43157044214341,0.0454207819681829,1.13120397161962,0.0452287948725795,0.96,0.200182954664
"366","eb",14,1,-5.0331989158488,5.88647879166237,3.77355288231796,1.87341169623936,6.27936268012887,0.72,14.1264366149
"367","eb",15,1,0.039384331630262,64.6798595295181,0.0350526127974348,1.37736019667904,0.0526072655177027,0.86,0.163522636142
"368","eb",16,1,-0.001082872131,3.42143088244209,0.0803041417279566,1.45120022743826,0.0799089496798024,0.98,0.405797535217
"369","eb",25,0,-0.00750115930598097,13.9817103744781,0.0279559782409736,1.62900239310348,0.0288095252156192,0.88,0.101840113696
"370","eb",26,0,0.032323954526714,32.5890427756606,0.0408473924592213,2.13952659766216,0.0519293983428996,0.82,0.1492380382917
"371","eb",27,0,0.00245257648472097,0.718589308287783,0.0373265788727021,1.59996848930129,0.0372203692465571,0.96,0.1598166221431
"372","eb",28,0,0.046566900805554,78.5817411269471,0.028663020123661,1.38590701658288,0.0546061286488761,0.77,0.137764913888
"373","eb",45,0,0.00321364950243601,3.14772019911492,0.0267973916987038,1.16790871736213,0.026856037365176,0.91,0.1038331786526
"374","eb",46,0,-0.000217269728617989,0.0814491894281703,0.0294557511860601,1.40744072258561,0.0293089077123441,0.96,0.1281816135403
"375","eb",47,0,0.00532901932008001,1.78883606261898,0.0290934127658449,1.49648078697212,0.0294340083341358,0.92,0.1172969306615
"376","eb",48,0,0.00263490444500501,1.21553786644671,0.03621943739691,1.78085032996649,0.0361340821154973,0.87,0.1093473657149
"377","eb",49,0,0.00373174525754699,1.73341793932652,0.0291402227622749,1.32585504564665,0.0292333196793638,0.96,0.130129904223
"378","eb",50,0,0.002870178167627,2.2581754550121,0.0360224683365807,1.40801676756464,0.0359566400755588,0.94,0.12990706191
"379","eb",51,0,0.00326462979903601,4.32351113885537,0.0324763839481237,1.15240802319782,0.0324780874887553,0.85,0.1217310571309
"380","eb",52,0,-0.00832520253091799,1.52330983740848,0.0461335922130414,1.77152373923014,0.0466511976733203,0.83,0.15228353816314
"381","eb",53,0,-0.00509424190872,7.17957959352483,0.0357984536436329,1.65498641031352,0.0359814576006467,0.91,0.1302210998939
"382","eb",54,0,-0.219841137208281,51.9912902920531,0.0199771732711132,1.41746033794519,0.220737903828082,0,0.069827135203
"383","eb",55,0,0.000862997525076958,1.04319282359018,0.0158268535790054,1.23429769404093,0.0157711497994741,0.94,0.072607460022
"384","eb",56,0,0.000901231224458003,4.34373378975414,0.0137582276552958,0.993552786723059,0.0137188978293715,0.94,0.056124128994
"385","ensemble",1,1,-0.057927317091,3.88919995066389,0.099515207700881,0.755179130509536,0.114716249343645,0.09,0.02808945945535
"386","ensemble",2,1,-0.070997650026,306.886890914306,0.0858212144199021,1.22085676575242,0.111050863775462,0.15,0.061514737003
"387","ensemble",3,1,0.410982188288801,13128.8148539519,0.0768505031691341,1.04120632815102,0.41803504509745,0,0.0602347898433
"388","ensemble",4,1,-0.0901479685400001,8.96348494522026,0.100094738323337,1.8495576443109,0.134333254652398,0.22,0.06795949696
"389","ensemble",5,1,0.068925589930788,2.69301031230362,0.250824782270593,0.578514394313771,0.258910559140385,0.07,0.0513342182354
"390","ensemble",6,1,0.26612704839277,32.0318186782046,0.275499137352338,0.761253656091519,0.382052853439562,0.19,0.1987725774408
"391","ensemble",7,1,0.1107275302512,66.2719763647302,0.0545162710375972,1.06682777300554,0.123299998075007,0,0.0163830851972
"392","ensemble",8,1,0.17660620586358,4.89262746852653,0.0685987891126633,3.60163710792862,0.189336969127996,0,0.017144699129
"393","ensemble",9,1,-0.7330812757183,71.2695850991482,0.26110138041435,1.27330256106993,0.777753398163265,0.04,0.5690857886
"394","ensemble",10,1,-1.6407578161575,3131.9096333821,0.341698612735842,2.83306074150521,1.67561229817881,0,0.19911461348
"395","ensemble",11,1,2.0634445563329,11.197595322978,0.300150720636988,2.19656657326388,2.08494436079426,0,0.9976340486
"396","ensemble",12,1,0.6746379438368,9.61674100600367,0.33925603766378,0.397376240537771,0.754373957506991,0.03,0.416634409459
"397","ensemble",13,1,0.225878198737145,305.750172364377,0.0527659928899064,1.31413635206296,0.231899478590053,0,0.03348261834
"398","ensemble",14,1,-11.7021129474488,13.6859760232978,3.26915524505112,1.62299929639225,12.1457790894998,0,3.6350457769
"399","ensemble",15,1,0.120393705687372,197.719439425855,0.0361368429897235,1.41996402537295,0.125648147921841,0,0.02548744212657
"400","ensemble",16,1,-0.12970760643,409.822727561954,0.0998684735383431,1.80475313469791,0.163395342811874,0.14,0.08780657526
"401","ensemble",25,0,0.095761168160019,178.493065367578,0.0242188874204464,1.41124110292757,0.0987465963473013,0,0.017287196362
"402","ensemble",26,0,-0.020964986107286,21.1369196326774,0.0197244008086908,1.03313522877312,0.0287174530532907,0.13,0.012697631418
"403","ensemble",27,0,-0.067419590328279,19.7535110855291,0.0246712059823305,1.05750790340065,0.0717494451588953,0.02,0.02009266645
"404","ensemble",28,0,-0.00773600767044602,13.0545288949648,0.0264983348732818,1.28124070911594,0.0274770076286195,0.27,0.014002599266
"405","ensemble",45,0,-0.036078289417464,35.338128897623,0.0135271287485839,0.58955184011865,0.0385070947664096,0.01,0.0175229939833
"406","ensemble",46,0,-0.045004781627618,16.8712089220965,0.0180249016069956,0.861257293424254,0.0484466559889538,0.03,0.0209754031118
"407","ensemble",47,0,-0.03707599583672,12.4456066729441,0.0167456908394207,0.861349777265993,0.0406477975708038,0.04,0.0138823376585
"408","ensemble",48,0,-0.057020506357995,26.3047810987988,0.0227451171290361,1.11834010287046,0.0613474131076738,0.02,0.02082114257
"409","ensemble",49,0,-0.045800339057453,21.274530781239,0.0163352494328263,0.743239784372825,0.0485987965701825,0.03,0.01781514049
"410","ensemble",50,0,-0.059962215036373,47.1765842798689,0.0207128052947942,0.80960518546021,0.0634050260800868,0.02,0.016455453484
"411","ensemble",51,0,-0.040983209726564,54.2760970359233,0.0166164154123343,0.589625078597101,0.0441923940066075,0.01,0.0158834005138
"412","ensemble",52,0,-0.080475914617418,14.7251375514152,0.0219819671619267,0.844104583976495,0.0833951296240668,0,0.0219067844028
"413","ensemble",53,0,-0.08178642593192,115.265856072329,0.0200612011091443,0.927442719752935,0.0841869748759246,0,0.0117194941286
"414","ensemble",54,0,-0.145069550547282,34.3081973229406,0.0142681429254308,1.0123818028938,0.145762541825756,0,0.015196571939
"415","ensemble",55,0,-0.067129624133923,81.1463997426523,0.0242450068990346,1.89080893167431,0.0713325212809745,0.01,0.016747632026
"416","ensemble",56,0,0.116388888855458,560.968523452386,0.0325551594859841,2.35097646585772,0.120812306798912,0,0.0104251027091
"417","median",1,1,-0.123628726169892,8.30034705327803,0.0536730114937165,0.407301950004314,0.134670138395885,0.57,0.36910456426653
"418","median",2,1,-0.14672296102,634.20906630965,0.0889036415778386,1.26470608757969,0.171325556183014,1,1.35822227099082
"419","median",3,1,0.544423049679701,17391.5795505132,0.112040317191533,1.51797428067752,0.555719317076671,0.88,1.582980358406
"420","median",4,1,-0.0941553266900001,9.36193978596015,0.097982367387792,1.81052510496965,0.135535104013048,1,2.872983640445
"421","median",5,1,0.220350381082318,8.60936916420427,0.0482343837841446,0.111250112797383,0.225516253658952,0.76,0.8102422433297
"422","median",6,1,0.72574382319043,87.3526185769488,0.199382865568876,0.550930710110345,0.752369648982928,0.82,2.132857087133
"423","median",7,1,0.073838147288251,44.1931644352684,0.0435114303504472,0.851474274699387,0.0855942995788379,1,0.339172222389327
"424","median",8,1,0.07426014366358,2.05727322507461,0.0317487199416557,1.66690067492739,0.0806998782074043,1,2.186450603647
"425","median",9,1,-0.5929917620183,57.6501927495651,0.328222881495732,1.60063127566407,0.67697281124101,1,10.35085921008
"426","median",10,1,-1.4036100128775,2679.23740941706,0.152557085030795,1.26486755383272,1.41179389281904,1,11.99181516884
"427","median",11,1,0.0238504236329001,0.129427946732638,0.160042124083518,1.17122217574541,0.161016115261241,1,15.1734421961863
"428","median",12,1,1.1093576642497,15.8135270000398,0.359203151055584,0.420740626279584,1.16550892828864,0.95,3.95349543403564
"429","median",13,1,0.267566949706145,362.180331918023,0.0656903991649449,1.63601851867538,0.275434472846222,1,1.37854730744812
"430","median",14,1,-12.3027890119488,14.3884848995523,3.40459400617137,1.69023899519064,12.7606412541031,1,79.271020846468
"431","median",15,1,0.145117806422312,238.3231845279,0.0283541505584157,1.11415028076493,0.147834691517837,0.99,0.472110301237
"432","median",16,1,-0.309808595239,978.867832176867,0.0929915839856289,1.68047880129211,0.323330057416871,1,1.9779704368959
"433","median",25,0,0.115454389721019,215.20004744524,0.0271623961407368,1.5827601500574,0.118575435535014,1,0.42032267175544
"434","median",26,0,-0.024537206543286,24.7384357929815,0.0230244842289544,1.20598876548802,0.0335693328831115,1,0.405941937412958
"435","median",27,0,-0.075283541248279,22.0575986796229,0.028871467254608,1.23754812903706,0.0805781458467548,1,0.42629888702574
"436","median",28,0,-0.00418107973544602,7.05558067464857,0.0294156097198452,1.42229603621371,0.0295652962439497,1,0.54980628097135
"437","median",45,0,-0.087992669733364,86.1874649627486,0.0157200171407727,0.685124330838463,0.089372018419201,0.93,0.2624142973047
"438","median",46,0,-0.092296513277118,34.5997403378964,0.0207689775793627,0.992373429114795,0.0945816223613677,1,0.3490314262552
"439","median",47,0,-0.08654388290662,29.0509021348626,0.0178399261107075,0.917634066534056,0.0883454809401924,0.98,0.3076659165268
"440","median",48,0,-0.106873253558495,49.3029213476715,0.0233231207844125,1.14675959456821,0.109363707918447,0.97,0.3700997180898
"441","median",49,0,-0.101823914568153,47.2978158967125,0.0180497063647903,0.821246098611822,0.103395568371372,1,0.4051570091116
"442","median",50,0,-0.104230300196373,82.0054685896349,0.0192839412686991,0.753754917552032,0.105981635984599,1,0.4282412968248
"443","median",51,0,-0.099652398365064,131.974613008871,0.0145963910704687,0.517945538709307,0.100705136839531,0.82,0.2613288734181
"444","median",52,0,-0.129628954220018,23.7189498325097,0.0200216303859718,0.768827915308403,0.131150763622081,0.74,0.3106486753155
"445","median",53,0,-0.14526990888147,204.736424387957,0.01050534728357,0.485669218089947,0.145645477529388,0.5,0.2824140388842
"446","median",54,0,-0.0968216238140815,22.8978125485981,0.0186137171930702,1.32071767636199,0.0985770389140477,1,0.41353632993
"447","median",55,0,-0.109672733833923,132.5725805168,0.0429778378892455,3.35173671360233,0.117714621652301,1,1.10509975057846
"448","median",56,0,0.113061420040458,544.930864820706,0.0254510136576421,1.83794934769404,0.115862682761985,1,0.43312419348559
"449","psc",1,1,-0.105576754833573,7.08835020004372,0.0421298727370636,0.319705916282497,0.113594137508329,0.04,0.04233328500437
"450","psc",2,1,-0.509529227692,2202.43684768583,0.107521535201769,1.52955646925367,0.520639323907856,0,0.1128808934237
"451","psc",3,1,1.06066304811996,33882.8522938563,0.307573522638334,4.1671490092645,1.10393005156894,0,0.148994417422596
"452","psc",4,1,-0.57674930933,57.3466472408834,0.121669159418138,2.24821132107632,0.589317500438103,0,0.13332881452
"453","psc",5,1,0.208458050999888,8.1447207283844,0.0408001338748619,0.0941033996835002,0.212374111985516,0,0.0572487424464
"454","psc",6,1,0.99950291300583,120.303051760784,0.0754237174622757,0.208409293858299,1.0023162788718,0,0.11753179508463
"455","psc",7,1,0.1723530920601,103.155737488973,0.0606074378616564,1.18602568977859,0.182598240001349,0,0.0581054094786
"456","psc",8,1,0.10441642960358,2.89271087131879,0.0770512013925514,4.04541347938554,0.129538834064672,0.24,0.114473142643
"457","psc",9,1,-6.7308973247583,654.372544450074,2.33718881948854,11.3976743624877,7.12129242894864,0.01,1.30891205409
"458","psc",10,1,-4.1024139800725,7830.76559976424,2.5689969897392,21.2998363042865,4.8335854747641,0.04,1.303453025473
"459","psc",11,1,-5.1085778106971,27.7224734847212,1.84531005515498,13.5043699907135,5.42850667823171,0.03,1.68347651706
"460","psc",12,1,2.4207294475237,34.5066985263925,0.336163363019248,0.393753739279095,2.44372805497634,0,0.2311307780399
"461","psc",13,1,0.635692478615345,860.477398854949,0.0676719650152041,1.68536938985609,0.63924848632488,0,0.063384065351711
"462","psc",14,1,-18.7061816846488,21.8774468485513,6.61902568968864,3.28607032456758,19.8316569980685,0.01,7.2343052677
"463","psc",15,1,0.237216042464572,389.573712937341,0.0642434257816456,2.52438635833783,0.245677423425828,0.02,0.099974167920808
"464","psc",16,1,-1.16856793735413,3692.19441025126,0.144391660444403,2.60934499726004,1.17736633479216,0,0.143999983649478
"465","psc",25,0,0.058923559344019,109.829975257899,0.0247700814789144,1.44335932939667,0.0638702373009171,0.12,0.056306397843
"466","psc",26,0,-0.006593736582286,6.64781171356886,0.0275012733872599,1.44047642552366,0.0281466552126212,0.67,0.055473801948
"467","psc",27,0,-0.045871266544279,13.4399892935808,0.027485480660551,1.17813912494247,0.0534047771743914,0.22,0.055532365886
"468","psc",28,0,0.018271586198554,30.8333393847464,0.0279860661625502,1.35317511183036,0.0333052332595536,0.55,0.056166314046
"469","psc",45,0,-0.074813206925664,73.278384099439,0.0243026085682074,1.05917877085112,0.0786239565647108,0.02,0.0357976460382
"470","psc",46,0,-0.084418931033018,31.6466244458808,0.0289370945797727,1.38265851879404,0.0891938215632057,0.03,0.0414580598497
"471","psc",47,0,-0.07854905886622,26.3672133173212,0.0265438057128014,1.36533639356883,0.0828702753360374,0.03,0.03958602378161
"472","psc",48,0,-0.072325206194995,33.3651669969443,0.0375346974777443,1.84551951086176,0.0813984055786529,0.08,0.0490763080908
"473","psc",49,0,-0.089679096491853,41.6564754325583,0.0285629727880364,1.29959066883707,0.0940745732275214,0.03,0.047199979797
"474","psc",50,0,-0.088021538391673,69.2528706929779,0.0288657662810953,1.12828145347027,0.0925888295595189,0.02,0.0471926391926
"475","psc",51,0,-0.091005485229164,120.52307713463,0.022160690972173,0.786360886628674,0.0936385796769478,0.01,0.03175744646055
"476","psc",52,0,-0.105308481188418,19.2688940312392,0.0364166336960109,1.3983938384294,0.111367794751729,0.04,0.04604306939777
"477","psc",53,0,-0.135711054400907,191.264634513069,0.0167988539605873,0.776622233194095,0.136736497563932,0,0.028929178738561
"478","psc",54,0,-0.104606854670682,24.738979322916,0.0314512818912101,2.23159423274301,0.109187386383993,0,0.0514460114432
"479","psc",55,0,-0.016370562555923,19.7887628645865,0.0305518402475,2.38266347622116,0.0345264552405987,0.56,0.066340441699
"480","psc",56,0,0.059484212454958,286.700656374734,0.0342041234589312,2.47005668400609,0.0685317034106438,0.22,0.07041412352949
"481","rfdripw",1,1,0.00663776977226999,0.445655265378096,0.148512173981808,1.12699653659739,0.147916757502808,0.92,0.552031494306356
"482","rfdripw",2,1,0.15958163917,689.790620872034,0.0769980193290526,1.0953416760974,0.177018946983014,0.39,0.263298737441
"483","rfdripw",3,1,0.179897764624001,5746.8292098553,0.0835641153068866,1.13216546510286,0.198182586192796,0.3,0.285288268923
"484","rfdripw",4,1,0.10644022227,10.5834368243107,0.0594643027897822,1.09878558684255,0.121779161559354,0.48,0.2154496372
"485","rfdripw",5,1,-0.093739973598612,3.66253978862746,0.434670425702142,1.00254486727672,0.442533815476907,0.94,0.78972286000013
"486","rfdripw",6,1,-0.22351192537037,26.9025396295441,0.424521114040565,1.17302817445168,0.477884479018047,0.86,1.2526535894746
"487","rfdripw",7,1,0.1558127230962,93.2560951998992,0.0792981238132133,1.55178333405866,0.174650837944013,0.26,0.230589852929098
"488","rfdripw",8,1,0.02142343715358,0.593506307297171,0.0200052282186347,1.05033300495263,0.0292433022073817,0.79,0.08332234857
"489","rfdripw",9,1,-0.1267031502183,12.3179806194958,0.182063761513008,0.887862995762998,0.221064310549993,0.84,0.6460029988
"490","rfdripw",10,1,-1.2106956937975,2310.99889889821,0.12543480906956,1.03999378384335,1.21711158707526,0,0.42112751013
"491","rfdripw",11,1,5.7951904571329,31.4484813073354,0.453039292935514,3.3154375412638,5.81269512269294,0,1.7730993074
"492","rfdripw",12,1,0.2057869113327,2.93342443423365,0.37376131051818,0.437792840637311,0.425027993129532,0.84,1.040263941301
"493","rfdripw",13,1,0.030560567667145,41.366979566967,0.0425041566552056,1.05856545693977,0.0521774433618466,0.78,0.154439058304
"494","rfdripw",14,1,-1.5004654562488,1.75483986099148,2.41929957061106,1.20108138235645,2.83652549673561,0.87,9.1554730612
"495","rfdripw",15,1,0.218604096801372,359.007800524045,0.0425437764169218,1.67171858462342,0.222664825064577,0,0.163090947490993
"496","rfdripw",16,1,0.18283589063,577.686270347173,0.15749196825782,2.84608458838531,0.240800011975769,0.65,0.511137141312
"497","rfdripw",25,0,0.025792971107019,48.0765488380013,0.01777286456355,1.03562961226996,0.0312728848393279,0.63,0.059470512574
"498","rfdripw",26,0,0.013176791347714,13.2848540088656,0.0202942566154378,1.06298344139978,0.0241115348594547,0.74,0.064501353205
"499","rfdripw",27,0,0.010183043950721,2.98356709949666,0.0215557916215462,0.923968614269147,0.0237423675106237,0.82,0.066749368315
"500","rfdripw",28,0,0.041603305837554,70.205664383874,0.018731344382505,0.905693171820174,0.0455871658075526,0.28,0.060909376148
"501","rfdripw",45,0,0.016848045545636,16.502401160863,0.0190855953846858,0.83180607562262,0.0253864922819968,0.81,0.0705182038899
"502","rfdripw",46,0,0.030635575733382,11.4845396412149,0.0224235371627031,1.07143080982215,0.0378988834824199,0.56,0.075982594638
"503","rfdripw",47,0,0.02927751805908,9.82782703202407,0.0204187450300383,1.05028103362996,0.0356360626446785,0.64,0.071544879977
"504","rfdripw",48,0,0.007630966211005,3.52032818671509,0.0271834073086803,1.33656355135452,0.0281030230027664,0.8,0.076102899539
"505","rfdripw",49,0,0.043024199823547,19.9849975419621,0.0194702497334711,0.885879598784084,0.0471845471409167,0.4,0.073509918303
"506","rfdripw",50,0,0.030510185750627,24.0045560122452,0.0223756461824231,0.874600949484406,0.0377694887600817,0.6,0.074475997085
"507","rfdripw",51,0,0.012036753779636,15.9408699440539,0.0230675995450816,0.818542077656471,0.0259167214137149,0.77,0.0792718430598
"508","rfdripw",52,0,-0.035009241249018,6.4058407464299,0.0291952114481894,1.1210921948907,0.0454915787879623,0.66,0.0943030668068
"509","rfdripw",53,0,-0.04630715027072,65.2630709485656,0.0301601407568276,1.39432344152581,0.0551805211624716,0.47,0.0940784439426
"510","rfdripw",54,0,-0.223881096969282,52.9467198507319,0.0142289394496735,1.00960015950305,0.224328294405438,0,0.049281985164
"511","rfdripw",55,0,0.011792871710077,14.2552426629206,0.0134296080619643,1.04734236530403,0.017821971050962,0.84,0.050999534137
"512","rfdripw",56,0,0.093462832622458,450.470038244025,0.0462699840358525,3.34139488982489,0.104186387739785,0.22,0.091756540764
"513","PCATS",1,1,0.00371715029498894,0.249566896412114,0.134387270986545,1.0198085780036,0.133765303511391,0.97,0.550947241530473
"514","PCATS",2,1,0.114420513666847,494.581942968218,0.0740192941461674,1.05296757527135,0.136073955239873,0.67,0.280651408483662
"515","PCATS",3,1,0.199941179701735,6387.11556068753,0.0824995829079792,1.11774268549107,0.216135593340644,0.23,0.306817908527805
"516","PCATS",4,1,0.0670869994680288,6.67051426106018,0.0597291024195246,1.10367857310342,0.0896245251965495,0.8,0.233658024055794
"517","PCATS",5,1,-0.092322157744443,3.6071439230272,0.434505040109913,1.00216341395759,0.442074727158992,0.99,0.778157266210107
"518","PCATS",6,1,-0.0927691230005356,11.1659590591617,0.363771905685279,1.00516718799065,0.373647975445511,0.93,1.18390446389264
"519","PCATS",7,1,0.127643641986415,76.3965059605411,0.0778332383549945,1.52311702102301,0.149299471541105,0.46,0.236748441756201
"520","PCATS",8,1,0.0973186734229712,2.69607748188413,0.0246549766737383,1.29445840126146,0.100362908451488,0.02,0.0894926120495608
"521","PCATS",9,1,-0.332906350501665,32.3648935841085,0.244502313776726,1.19235456291107,0.412322938765342,0.65,0.885453454578568
"522","PCATS",10,1,-1.35368458397396,2583.93880398369,0.130400418501058,1.08116419722428,1.35988829664151,0,0.452733974094626
"523","PCATS",11,1,2.3664161191206,12.8417165299447,0.530765303664933,3.88425295732898,2.42462779377219,0,1.41824576428182
"524","PCATS",12,1,0.357299619637043,5.09318803512818,0.803553216402738,0.941215249712401,0.875730444867626,0.89,1.32271010199661
"525","PCATS",13,1,0.0242805892634764,32.8663606931612,0.0445986776815196,1.11072947527981,0.0505835807887532,0.95,0.195009244758982
"526","PCATS",14,1,-5.1143898709114,5.98143407617256,3.19192665123895,1.58465851902836,6.02025709925264,0.47,10.3500744043618
"527","PCATS",15,1,0.110869146306297,182.077504236198,0.0579501290761499,2.27709704960261,0.124966407038172,0.28,0.159454502959981
"528","PCATS",16,1,-0.145470963762044,459.628458121313,0.160178420290416,2.89463226870188,0.21578312343954,0.69,0.45076992014488
"529","PCATS",25,0,0.532557040615098,992.65433462164,0.0174950483144182,1.01944118449334,0.532841456211019,0,0.0734218571420132
"530","PCATS",26,0,-0.443728840177162,447.367853502479,0.020266857023914,1.06154829092135,0.444186809398547,0,0.063200744910288
"531","PCATS",27,0,-0.522474937333976,153.081832984808,0.0238359282138621,1.02170451209814,0.523012934927254,0,0.0808105828722369
"532","PCATS",28,0,-0.626176282129505,1056.67376722365,0.0204746715949434,0.989986083226385,0.626507586830903,0,0.0710236511587627
"533","PCATS",45,0,-0.28927256964503,283.338027321064,0.0185846627400521,0.809973965652485,0.289862994087394,0,0.0764794441186356
"534","PCATS",46,0,-0.388727875618524,145.724720045708,0.0234386184448198,1.1199329418561,0.389426804970005,0,0.0828196250229697
"535","PCATS",47,0,-0.346147960577719,116.194353537105,0.0209538206419445,1.07780377148267,0.346775262361106,0,0.0762233344438334
"536","PCATS",48,0,-0.425704223957497,196.386478115971,0.0262594693602545,1.29113503786626,0.42650527596857,0,0.0870636736109185
"537","PCATS",49,0,-0.467910585679984,217.347259054767,0.0203268005955126,0.924851925507718,0.468347481284581,0,0.0805103315420106
"538","PCATS",50,0,-0.504287669201184,396.759354419062,0.0227496442346429,0.889219479331993,0.504795428028066,0,0.0828358894052709
"539","PCATS",51,0,-0.27633803267235,365.968160524993,0.0207076575073348,0.734800730623334,0.27710508351503,0,0.0797656064504683
"540","PCATS",52,0,-0.352511167925167,64.5009809554204,0.0276913425341444,1.06334383075686,0.353586291955436,0,0.100926123416176
"541","PCATS",53,0,-0.286638472534541,403.974480404133,0.0263408719030874,1.21775609274599,0.28783418326221,0,0.108932786280535
"542","PCATS",54,0,0.264066267865388,62.4503046302985,0.0128921015627941,0.914746165036567,0.264377642860044,0,0.0679531127712583
"543","PCATS",55,0,-1.36750031475173,1653.03662311094,0.0145411266745042,1.13402698985641,1.36757685004075,0,0.066444282258967
"544","PCATS",56,0,0.552964117948257,2665.16389852998,0.0132162922591999,0.954416828480089,0.553120456515182,0,0.0637500133898052
"545","PCAPS",1,1,-0.01901216176,1.27646337327945,0.148173746322877,1.12442835118014,0.148651830809954,0.98,0.60038001415
"546","PCAPS",2,1,0.29324416077,1267.54602081229,0.0890999791830299,1.26749910437967,0.306352013300409,0.05,0.30653619986
"547","PCAPS",3,1,0.152210266230001,4862.3528248873,0.0898157212170049,1.21686512699572,0.176505411491436,0.6,0.34677728394
"548","PCAPS",4,1,0.12466277792,12.3953201742915,0.0600701724161092,1.10998088858967,0.138250314852051,0.45,0.23777123054
"549","PCAPS",5,1,-0.071958881452112,2.81152486336297,0.481134975585583,1.10971294967091,0.484101266993034,0.95,0.77501030311
"550","PCAPS",6,1,-0.23197282610237,27.9209180309072,0.386715236327261,1.06856373616854,0.449293422294933,0.89,1.23065762674
"551","PCAPS",7,1,0.33451980561,200.214784892485,0.0841258555920415,1.64625711673399,0.344833131135415,0.03,0.26428218289
"552","PCAPS",8,1,0.08609739169358,2.38520759510505,0.0273767772452176,1.43736089364396,0.0903036760572274,0.11,0.10880851787
"553","PCAPS",9,1,-1.1310360887183,109.958439050477,0.426808418701966,2.08139938500898,1.20813343882011,0.22,1.60971182322
"554","PCAPS",10,1,-1.3168268818675,2513.58412326554,0.141714376760368,1.17496946824615,1.32435462461671,0,0.55169658353
"555","PCAPS",11,1,8.2736147760329,44.8980273474725,0.529424149743557,3.87443810875209,8.29036721099966,0,2.3035213776
"556","PCAPS",12,1,0.2434218982117,3.46989873854174,0.845806496378849,0.990707219443937,0.876064474540821,0.95,1.71062407608
"557","PCAPS",13,1,0.114795265524145,155.387604544634,0.0587484279719042,1.46312881831889,0.128820871748476,0.45,0.21028245303
"558","PCAPS",14,1,-9.3088469859488,10.8869788923049,3.67952289337573,1.82672972660086,10.0029061798787,0.25,13.7408887934
"559","PCAPS",15,1,0.222533533995262,365.461012631765,0.0704463518266361,2.76812463504452,0.233311455683697,0.05,0.22935774669
"560","PCAPS",16,1,0.29044386513,917.683243776845,0.193032791337226,3.48835346053017,0.348204940714201,0.61,0.7042294234
"561","PCAPS",25,0,-0.00210329615598097,3.92041769613281,0.0179888882208197,1.0482173690505,0.018021874296163,0.94,0.06831076511
"562","PCAPS",26,0,0.055757492350714,56.2147586793338,0.025151347382578,1.31739074276987,0.061115974390068,0.43,0.0997081724
"563","PCAPS",27,0,0.00476258808272097,1.39540801167367,0.0238197619466044,1.02101156034679,0.0241741492889957,0.91,0.09094039821
"564","PCAPS",28,0,0.060846248718554,102.678170173115,0.022358067653794,1.08105156766258,0.0647854176527376,0.21,0.08445357327
"565","PCAPS",45,0,0.033290099035636,32.6071393552957,0.0198819989254632,0.866515671551577,0.0387243029151184,0.73,0.09255096904
"566","PCAPS",46,0,0.016716343046382,6.26655448042162,0.024030361177181,1.14820731223486,0.0291739575746424,0.91,0.09139539153
"567","PCAPS",47,0,0.01444741143308,4.84968228311833,0.02103949532989,1.08221062898929,0.0254354370360682,0.94,0.08834611011
"568","PCAPS",48,0,0.022526266226005,10.391849176647,0.0262888751843934,1.29258087400797,0.034519944654661,0.86,0.09802925526
"569","PCAPS",49,0,0.021833703904547,10.1418857446243,0.0207634757746274,0.944720270175537,0.0300586315918162,0.9,0.09358482873
"570","PCAPS",50,0,0.017822612621627,14.0223303278841,0.0238930023482044,0.933910125741441,0.029712157886289,0.9,0.09569545821
"571","PCAPS",51,0,0.018187440215636,24.0865290094416,0.0248490517376054,0.88175600574918,0.03069338039599,0.91,0.10137935692
"572","PCAPS",52,0,-0.010076735193618,1.84379776856983,0.0299596086987515,1.15044494655416,0.031466537210357,0.93,0.11959631689
"573","PCAPS",53,0,-0.01039717636692,14.6532804314693,0.0271485954420148,1.25509769117151,0.0289443785308009,0.95,0.10365591616
"574","PCAPS",54,0,-0.226850266999282,53.6489131841386,0.0133214080507868,0.945207177277578,0.227237164546155,0,0.05988594201
"575","PCAPS",55,0,0.013471641006077,16.2845417410315,0.0139439073013183,1.08745130812155,0.0193383902307326,0.83,0.05571351076
"576","PCAPS",56,0,0.00828628830145801,39.9380641836215,0.0126196848756411,0.911332723218447,0.0150441502156738,0.9,0.04825647697
"577","ac-tmle3",1,1,0.00755116717200525,0.506980134203047,0.136443673697318,1.03541375481001,0.135969582836602,0.94,0.53554427216988
"578","ac-tmle3",2,1,0.0496079567939471,214.430077890331,0.0730095609741721,1.03860353273283,0.0879661378655165,0.87,0.270880209893038
"579","ac-tmle3",3,1,0.0473740006138317,1513.36116423844,0.0790181428203092,1.07057451741307,0.0917917434194514,0.85,0.277055848506469
"580","ac-tmle3",4,1,0.075429540402119,7.50001980931245,0.0568612507425461,1.05068620726325,0.0942893704662489,0.77,0.231640500682
"581","ac-tmle3",5,1,-0.0630248296772722,2.46246011709882,0.428076218320334,0.987335668827778,0.430568096078161,0.96,0.758140355623682
"582","ac-tmle3",6,1,0.00492550252536085,0.592847682128668,0.362345731458926,1.00122641215204,0.360563094881557,0.91,1.1712213063518
"583","ac-tmle3",7,1,0.068809792559013,41.1836237635534,0.0786533049455114,1.53916488706055,0.104207804444185,0.82,0.22655894975847
"584","ac-tmle3",8,1,0.0155210766363566,0.429989679699041,0.0190595027555321,1.00067965150598,0.024505832342259,0.89,0.0827064332341332
"585","ac-tmle3",9,1,-0.056818715977174,5.5238708826545,0.186742821414766,0.910681178289855,0.194300074682803,0.91,0.684304319949211
"586","ac-tmle3",10,1,-1.19935795941471,2289.35721650942,0.125168007836764,1.0377817055081,1.20580673190001,0,0.45259053661084
"587","ac-tmle3",11,1,0.147908805796665,0.802649602061224,0.337883214536377,2.47270095884652,0.367287939947634,0.89,0.632537556402805
"588","ac-tmle3",12,1,0.359781474378708,5.1285660545283,1.24685243221019,1.46045899559818,1.2917187337565,0.94,1.58087318063994
"589","ac-tmle3",13,1,-0.0088372469838855,11.9621539557869,0.0423091211397021,1.0537081000167,0.0430146259841004,0.92,0.159145450089761
"590","ac-tmle3",14,1,0.0771669407442636,0.0902490777144203,1.98114016148377,0.983553501477204,1.97271942069655,0.96,7.56256484712273
"591","ac-tmle3",15,1,0.0538484264395019,88.4338647838418,0.0347175786927739,1.36419533952683,0.0639758563646983,0.71,0.135493911605963
"592","ac-tmle3",16,1,-0.010107761297865,31.936371494695,0.0594506340149409,1.07435023583342,0.060010007035371,0.94,0.228614208128309
"593","ac-tmle3",25,0,0.00940578836858093,17.531824541878,0.0171504806759008,0.999363135251329,0.0194850314953514,0.9,0.0647021915919609
"594","ac-tmle3",26,0,0.018588773435126,18.7412196773056,0.0205826259997442,1.07808780744446,0.0276577393497252,0.78,0.0668766020127499
"595","ac-tmle3",27,0,0.0201861036254973,5.91439995108731,0.0238486373754692,1.0222492782865,0.0311536307546853,0.81,0.0857093369135868
"596","ac-tmle3",28,0,0.0523418358001499,88.3269558378252,0.0191190938372511,0.924441534263852,0.0556915803923349,0.2,0.0711973144090901
"597","ac-tmle3",45,0,0.00455752894233739,4.46402941545799,0.0196759992578381,0.857537603450842,0.02010085986685,0.95,0.078382852273432
"598","ac-tmle3",46,0,0.00238103749844855,0.892593623052264,0.0246805963793609,1.17927654204421,0.0246720461014796,0.96,0.0873577321292199
"599","ac-tmle3",47,0,0.00903854157465579,3.03404212878374,0.0222532180973052,1.14464100856579,0.0239154530027376,0.93,0.0814090638438756
"600","ac-tmle3",48,0,0.00368133279619098,1.69827768185111,0.026628169960463,1.30926344163866,0.0267492252643919,0.89,0.0901717560086509
"601","ac-tmle3",49,0,0.00929931532239061,4.31958745594597,0.0214181549434348,0.974507608670656,0.0232513924966747,0.97,0.0902558111346991
"602","ac-tmle3",50,0,0.00465986090830421,3.66624749835755,0.0243966612014654,0.953596730887365,0.024717593141041,0.95,0.0926599004351298
"603","ac-tmle3",51,0,0.00162416552349394,2.15096294662397,0.0234488241898961,0.832069640947594,0.0233877488437318,0.94,0.089555150503182
"604","ac-tmle3",52,0,-0.00426021189436005,0.779515292753808,0.0349146353685033,1.34071730456713,0.0349998692950593,0.89,0.124606945511061
"605","ac-tmle3",53,0,-0.0102047834322268,14.382131080376,0.0310125572565313,1.4337312253642,0.0325007465362319,0.91,0.113362692555696
"606","ac-tmle3",54,0,-0.222412084217381,52.5993059435958,0.0135625106643046,0.962314371944133,0.222821088509332,0,0.0550445371376159
"607","ac-tmle3",55,0,0.00830530889246459,10.0394710095445,0.0140797898251525,1.09804845461007,0.016286074803479,0.85,0.050785943731742
"608","ac-tmle3",56,0,0.00372947816617139,17.9752541733022,0.0129910899428203,0.938153804301298,0.0134532427732265,0.94,0.0469147240222213
"609","cvtmle3bbd",1,1,0.00554268168101061,0.372131809358064,0.152314897788885,1.15585381102351,0.15165273201552,0.94,0.570584990705737
"610","cvtmle3bbd",2,1,0.0447473708578657,193.420226079749,0.0727101903273561,1.03434481089926,0.0850660405705903,0.87,0.270108683329955
"611","cvtmle3bbd",3,1,0.181826954858581,5808.45713955541,0.0856893037116073,1.16095850515152,0.200823981924517,0.38,0.328871436007969
"612","cvtmle3bbd",4,1,0.109194265915752,10.8572735968635,0.057861229744652,1.0691638898915,0.123441607237462,0.56,0.236368984246034
"613","cvtmle3bbd",5,1,-0.101653592357053,3.97173492131361,0.380264352194313,0.877060071167472,0.391775982690819,0.95,0.758007856442327
"614","cvtmle3bbd",6,1,-0.039936487098829,4.80687070750566,0.370777541637789,1.0245250198639,0.371074316722307,0.92,1.20465269457525
"615","cvtmle3bbd",7,1,0.0817961935028272,48.9561664587522,0.0968302997336784,1.89487011965836,0.126384188681183,0.72,0.230091210880466
"616","cvtmle3bbd",8,1,0.0215521228178711,0.597071363308864,0.0228354449311817,1.19892766190274,0.0313167202578684,0.83,0.08942741644538
"617","cvtmle3bbd",9,1,-0.073023919413029,7.09932801622952,0.179088495117832,0.873353634246675,0.192573245803187,0.93,0.687006822146863
"618","cvtmle3bbd",10,1,-1.17941543996748,2251.290557216,0.13402139241852,1.11118608981975,1.18693003008738,0,0.465931472863109
"619","cvtmle3bbd",11,1,3.54949434176796,19.2618702151867,0.529836372959407,3.87745484559263,3.58842993501788,0,1.61862167664524
"620","cvtmle3bbd",12,1,0.291849032083132,4.16021153277332,0.792141511578468,0.927848530014727,0.840469600967235,0.94,1.36886378682455
"621","cvtmle3bbd",13,1,-0.0117739043602206,15.937232135131,0.0380784926765134,0.948344354333975,0.0396748876791573,0.96,0.158078514120415
"622","cvtmle3bbd",14,1,0.0245231320439829,0.0286805467249643,2.0604749444041,1.02293991393163,2.05029334744011,0.94,7.47162754631987
"623","cvtmle3bbd",15,1,0.0350880941831509,57.6242609429197,0.0423939365509424,1.66583076483468,0.0548675473401914,0.9,0.177963550692893
"624","cvtmle3bbd",16,1,-0.0963568316857342,304.447986263527,0.17322217396478,3.1303498530204,0.19746012597501,0.82,0.548329308299401
"625","cvtmle3bbd",25,0,0.00786791602956342,14.6653228772726,0.0169793084219602,0.98938888184125,0.0186364709103261,0.91,0.0650237059620347
"626","cvtmle3bbd",26,0,0.017772802172732,17.9185566472642,0.0194149796532473,1.01692820178574,0.0262496574769598,0.79,0.0670236242516959
"627","cvtmle3bbd",27,0,0.0167134718499149,4.89694093152167,0.0235625986063469,1.00998849706475,0.0287920863056305,0.86,0.0862964042015429
"628","cvtmle3bbd",28,0,0.051610168300347,87.0922654232623,0.0188643771196973,0.912125536697096,0.05491735198335,0.23,0.072125216430089
"629","cvtmle3bbd",45,0,0.00476744849267504,4.66964238236246,0.0207838444341033,0.905820736876484,0.0212220892632348,0.95,0.0799095020111061
"630","cvtmle3bbd",46,0,0.00367650372394357,1.37823271630883,0.0244739087613383,1.16940069238002,0.0246272038118399,0.96,0.0895335028749992
"631","cvtmle3bbd",47,0,0.00894953761893819,3.00416543362832,0.0217392000300276,1.11820140974566,0.0234085692292136,0.94,0.0819702351198886
"632","cvtmle3bbd",48,0,0.00345212784016501,1.59254052551705,0.0268240509491764,1.31889458857122,0.0269119229869516,0.9,0.0921276288993919
"633","cvtmle3bbd",49,0,0.00777269010499568,3.61046093314573,0.0214912116767431,0.977831627133573,0.022752322277287,0.94,0.0923193553926001
"634","cvtmle3bbd",50,0,0.00543219066773656,4.27389483035836,0.0234323157665653,0.915903185587338,0.023939327129492,0.95,0.0944155888525961
"635","cvtmle3bbd",51,0,0.00254570674648832,3.37140568831159,0.0236786542160804,0.840225042933529,0.0236970990137816,0.96,0.0915417885528264
"636","cvtmle3bbd",52,0,-0.00461438269264747,0.844319945751787,0.0345260034974681,1.32579389296326,0.0346614626922511,0.93,0.133365653713394
"637","cvtmle3bbd",53,0,-0.00954579989701366,13.4533913725528,0.0306415235477184,1.41657808931071,0.0319473978806718,0.92,0.114030708755565
"638","cvtmle3bbd",54,0,-0.220801859307946,52.2184960926051,0.0140315197315916,0.995592440967911,0.221242798265536,0,0.0581508590436071
"639","cvtmle3bbd",55,0,0.00449794135865208,5.43711889076028,0.0136085326076924,1.06129625406006,0.0142678559918144,0.93,0.0558173562765223
"640","cvtmle3bbd",56,0,0.00331214930865651,15.9638220228937,0.0133671189896855,0.965308806875915,0.0137063271676405,0.92,0.0469504418265672
"641","l-learner",1,1,0.00656415545435771,0.440712851056665,0.142424694304376,1.0808012091092,0.141862728540822,0.99,0.666130494560337
"642","l-learner",2,1,0.134206947749511,580.108678510674,0.0689020642483156,0.980171999201594,0.150703431737111,0.68,0.341777270797616
"643","l-learner",3,1,0.17272291153222,5517.62872250937,0.0802266023658116,1.08694728888761,0.190276506216763,0.57,0.38967156588374
"644","l-learner",4,1,0.0656463598685987,6.5272703081446,0.0570457194880502,1.05409483377149,0.0867820058237178,0.9,0.272264483607528
"645","l-learner",5,1,-0.060743680478028,2.37333272154607,0.42325369801581,0.976212775038009,0.425490364959342,1,0.92369340514231
"646","l-learner",6,1,-0.0829983887322644,9.98992531766741,0.35956589346125,0.993545219900731,0.36726487438269,0.97,1.41274938885757
"647","l-learner",7,1,0.197643940645364,118.292664284723,0.0700426401956205,1.37066296782825,0.209571083417884,0.1,0.279787241050082
"648","l-learner",8,1,0.0836981334117466,2.31873950630609,0.019831026290958,1.04118689413772,0.0859925255142892,0.1,0.119094702577322
"649","l-learner",9,1,-0.51340451391113,49.912783079371,0.228499723531286,1.11431537709392,0.561492829270026,0.6,1.1621909413341
"650","l-learner",10,1,-1.27957793356838,2442.4826243956,0.129178408855511,1.07103238098769,1.2860170600643,0,0.598572664834981
"651","l-learner",11,1,4.14734464820337,22.5061957167546,0.313501527164606,2.29427060436679,4.15905854808998,0,2.19439128551601
"652","l-learner",12,1,0.359400919947804,5.12314137684136,0.79903975372272,0.93592855579254,0.872495790252481,0.98,1.77367398767648
"653","l-learner",13,1,0.0445075394341034,60.2456896219865,0.0417563639997786,1.03994169078886,0.0608857870246863,0.97,0.237200414468374
"654","l-learner",14,1,-4.53734874607165,5.30656697871087,2.46194112190665,1.22225113495679,5.15636268995264,0.69,12.330434475028
"655","l-learner",15,1,0.164963273679667,270.914877248593,0.0341925834684153,1.34356613480372,0.168434922446964,0.02,0.204146726640357
"656","l-learner",16,1,0.100455135716154,317.396942630487,0.139584849548039,2.5224796760455,0.171406899548606,0.98,0.731251999118004
"657","l-learner",25,0,0.0212385463610499,39.5873746819848,0.0167713090778175,0.977268703951146,0.0270099961427674,0.88,0.0874450788373267
"658","l-learner",26,0,0.0147873352180621,14.9086059244759,0.0191529347987474,1.00320267606111,0.0241211907903064,0.94,0.0844160839037026
"659","l-learner",27,0,0.0157592707938036,4.61736609210275,0.0222309175290305,0.95290724756768,0.0271592741654331,0.93,0.0981948631628739
"660","l-learner",28,0,0.049645143494625,83.7762820118678,0.0188888212006653,0.913307450646894,0.0530835187538383,0.35,0.0851238401957867
"661","l-learner",45,0,0.0149466320493422,14.6399959220163,0.0188989098751402,0.823669775028334,0.0240208017381271,0.95,0.0973027507332219
"662","l-learner",46,0,0.0178509161513033,6.69187861706341,0.0230271328567272,1.10027153278931,0.0290448199609881,0.93,0.100055514804668
"663","l-learner",47,0,0.0219845560187259,7.37973804650677,0.0210114387270991,1.08076747870087,0.0303378716318286,0.92,0.0937661657029435
"664","l-learner",48,0,0.0047616018323988,2.19662893020464,0.025543092553533,1.25591196527543,0.0258572607489013,0.95,0.110234995829359
"665","l-learner",49,0,0.0273334008702413,12.6965278016925,0.0196850799008533,0.895654186428952,0.0336265096334612,0.87,0.100968260106213
"666","l-learner",50,0,0.021836396710946,17.180262756766,0.0225477541173373,0.881328163619927,0.0313072743127912,0.91,0.103490254709197
"667","l-learner",51,0,0.00250897551030169,3.32276069069387,0.0207466607081867,0.736184739436138,0.020794582211396,1,0.105951237388862
"668","l-learner",52,0,-0.0223337338264136,4.08653078618701,0.029636823108448,1.13805002327866,0.0369912629921028,0.94,0.136781571688657
"669","l-learner",53,0,-0.0156645967913453,22.0769294978761,0.0302559641600818,1.39875342142814,0.033935950350904,0.97,0.144637106701284
"670","l-learner",54,0,-0.213594334643092,50.5139538404308,0.013244438102605,0.939745851629517,0.214000469113674,0,0.0772178603820417
"671","l-learner",55,0,-0.0123021444576738,14.8708523954,0.0144920681754604,1.13020103721582,0.0189542237472191,0.97,0.0769083219526683
"672","l-learner",56,0,0.0043668936035438,21.0474546234038,0.0134495326701389,0.971260325045991,0.0140766043312779,0.99,0.0714674102740453
"673","GRF-NET",1,1,-0.0124614303648285,0.83665180425942,0.124724168657227,0.946479351409278,0.124723070486183,0.96,0.482873191381461
"674","GRF-NET",2,1,0.0515254008285366,222.718217540895,0.0724632181201991,1.0308314873918,0.0886187098251467,0.86,0.258598763833148
"675","GRF-NET",3,1,0.151689566370693,4845.71908200953,0.0673985831875185,0.913147324082094,0.16585194563603,0.32,0.240509899990373
"676","GRF-NET",4,1,0.0285338978783695,2.83714839284183,0.0610143225860936,1.12742696211485,0.067079828660833,0.9,0.226715400105676
"677","GRF-NET",5,1,-0.0595100142304418,2.32513181488678,0.417563519818148,0.963088673169932,0.419710783690149,0.95,0.729515580136005
"678","GRF-NET",6,1,0.00917621882388248,1.10447614886679,0.371577186939344,1.02673458362238,0.369828491042973,0.92,1.15804267455389
"679","GRF-NET",7,1,0.0763939637161477,45.7228563331903,0.0765513720865258,1.49803220670146,0.107877472787003,0.76,0.221934759595327
"680","GRF-NET",8,1,0.0358531165541767,0.993260355871915,0.0305919912232628,1.60616903330719,0.0470314489930038,0.59,0.0902645948309432
"681","GRF-NET",9,1,-0.14718978443532,14.3096750865171,0.21049566296325,1.02651570175494,0.255988617964141,0.82,0.716496691800019
"682","GRF-NET",10,1,-1.22321276214848,2334.89171632934,0.152577579000819,1.26503747158991,1.23259749306923,0,0.377276164811468
"683","GRF-NET",11,1,0.0259362772390572,0.14074714816843,0.160048460494649,1.1712685469447,0.161344491962574,0.92,0.549151181966777
"684","GRF-NET",12,1,0.341428486348934,4.86695027352901,0.893840122951373,1.04696980530159,0.952645828749737,0.93,1.54523347751217
"685","GRF-NET",13,1,0.0172106178455571,23.2964022300359,0.042992548331947,1.07072884516199,0.0461094457414081,0.95,0.156354374794366
"686","GRF-NET",14,1,-1.47274277549346,1.72241734500458,3.17967638891995,1.57857677446928,3.4897291874357,0.81,9.80713410541894
"687","GRF-NET",15,1,0.0450576441005806,73.996992471932,0.0319396255387177,1.25503822405736,0.0551373700375032,0.66,0.106953179639334
"688","GRF-NET",16,1,-0.0424959314104798,134.269677779671,0.0576999582125753,1.04271324840169,0.0714275612939418,0.89,0.21339841671864
"689","GRF-NET",25,0,0.00435608881149992,8.11948788760346,0.0175475501106814,1.02250047832373,0.0179948009011403,0.91,0.0624394334748086
"690","GRF-NET",26,0,0.0533293658329978,53.7667191337648,0.0237547231182749,1.24423760910535,0.0583323689033058,0.32,0.0816289246526636
"691","GRF-NET",27,0,0.00569282692294485,1.66796207427,0.023227275986905,0.995615210225728,0.0238016714675407,0.89,0.0841395575272433
"692","GRF-NET",28,0,0.0518492003962542,87.4956325779725,0.0211513327201485,1.0227038288521,0.055957525577986,0.24,0.0734587162623587
"693","GRF-NET",45,0,0.00339212238204727,3.32253163630517,0.0197236369560683,0.859613793688447,0.0199157759196528,0.93,0.0767497763700134
"694","GRF-NET",46,0,0.00400704226565764,1.5021436562664,0.0239813651843666,1.14586620896118,0.0241952723701069,0.99,0.086251620718652
"695","GRF-NET",47,0,0.00778667319548604,2.61381709903519,0.0213412932946318,1.09773424113539,0.0226169973901471,0.92,0.079242294320679
"696","GRF-NET",48,0,0.00146051751140606,0.673768015795813,0.0256801958607872,1.26265311001735,0.0255931796823887,0.89,0.0876572025813841
"697","GRF-NET",49,0,0.00833655082278668,3.8723776010972,0.0208255212578317,0.947543286239522,0.0223352499857221,0.94,0.0882406608789715
"698","GRF-NET",50,0,0.00571305090006293,4.49486776161467,0.0235170902279709,0.91921678036949,0.0240865511862809,0.94,0.0906577428724002
"699","GRF-NET",51,0,-4.58348025745019e-05,0.0607013020393954,0.0229378019903858,0.813936277218166,0.0228228708399661,0.98,0.0865929003976167
"700","GRF-NET",52,0,-0.00426802828878704,0.780945503067548,0.0338105541374504,1.29832073371662,0.0339107372500885,0.91,0.121881749333476
"701","GRF-NET",53,0,-0.00912271805818401,12.8571201724646,0.0310345626982364,1.43474855162464,0.032198394770876,0.9,0.10459674946497
"702","GRF-NET",54,0,-0.211175517763528,49.9419161765717,0.0134741453203885,0.95604449739531,0.211600653044569,0,0.0537046636162493
"703","GRF-NET",55,0,-0.000805276427947357,0.97341946671991,0.0147913114517231,1.15353829019567,0.0147391836830492,0.91,0.0536214894683946
"704","GRF-NET",56,0,0.00366750101046193,17.6765380856412,0.013434768234318,0.970194108762779,0.0138614079803056,0.9,0.0452742304926267
