,coef,2.5%,97.5%,tune_loss_mll,tune_loss_mlm,est_mll,est_mlm,config_mll,config_mlm,loss_Y,fs_loss_mll,fs_loss_mlm
0,1.0576297071471017,0.9236719695246483,1.1915874447695551,1.3487423349317837,0.6559865780028642,lgbm,xgboost,"{'n_estimators': 59, 'num_leaves': 11, 'min_child_samples': 13, 'learning_rate': 0.15970689583429434, 'log_max_bin': 8, 'colsample_bytree': 0.5314735786211692, 'reg_alpha': 0.0048030173757374235, 'reg_lambda': 0.001284538276225098}","{'n_estimators': 4, 'max_leaves': 4, 'min_child_weight': 0.13547281170838388, 'learning_rate': 0.5444158565416849, 'subsample': 0.8751699349090458, 'colsample_bylevel': 0.8908741422408678, 'colsample_bytree': 0.8797306393078957, 'reg_alpha': 0.005329657604916949, 'reg_lambda': 0.4012516825561559}",1.3573353467805664,1.427045576990881,0.7033195343075825
1,0.8002703061654869,0.6640412185382367,0.9364993937927371,1.399252378965236,0.65309908679303,xgboost,xgb_limitdepth,"{'n_estimators': 11, 'max_leaves': 4, 'min_child_weight': 0.26181500226749693, 'learning_rate': 0.3355761713933855, 'subsample': 0.8250927767128501, 'colsample_bylevel': 0.8095497908693721, 'colsample_bytree': 0.9351943119211954, 'reg_alpha': 0.0009765625, 'reg_lambda': 0.11959281465436916}","{'n_estimators': 10, 'max_depth': 5, 'min_child_weight': 27.123547475701166, 'learning_rate': 0.4491593859507105, 'subsample': 0.9246883402776725, 'colsample_bylevel': 0.898014219139486, 'colsample_bytree': 0.9238615531554782, 'reg_alpha': 0.0012834136471904583, 'reg_lambda': 8.519631194693332}",1.2504137642347561,1.3674743140445695,0.6891013852534743
2,0.8843343177524937,0.7364556042728821,1.0322130312321054,1.1261556799838817,0.605858068401907,xgb_limitdepth,xgb_limitdepth,"{'n_estimators': 4, 'max_depth': 3, 'min_child_weight': 0.3366841623565722, 'learning_rate': 0.6873977691840188, 'subsample': 0.9603062701962963, 'colsample_bylevel': 0.8820072449625802, 'colsample_bytree': 1.0, 'reg_alpha': 0.0009765625, 'reg_lambda': 0.13709227863983406}","{'n_estimators': 10, 'max_depth': 5, 'min_child_weight': 27.123547475701166, 'learning_rate': 0.4491593859507105, 'subsample': 0.9246883402776725, 'colsample_bylevel': 0.898014219139486, 'colsample_bytree': 0.9238615531554782, 'reg_alpha': 0.0012834136471904583, 'reg_lambda': 8.519631194693332}",1.476878881208121,1.5831623985229366,0.6688069041457112
3,0.8144948369961751,0.6618540122919421,0.9671356617004081,1.3970016459326897,0.595680647401833,lgbm,xgboost,"{'n_estimators': 5, 'num_leaves': 4, 'min_child_samples': 11, 'learning_rate': 1.0, 'log_max_bin': 10, 'colsample_bytree': 1.0, 'reg_alpha': 0.0152526021894595, 'reg_lambda': 0.08884932549444023}","{'n_estimators': 29, 'max_leaves': 9, 'min_child_weight': 0.05552102172702943, 'learning_rate': 0.25977446100088036, 'subsample': 1.0, 'colsample_bylevel': 0.7821610185323866, 'colsample_bytree': 0.7522398796168348, 'reg_alpha': 0.020748305869456335, 'reg_lambda': 0.20329757497906345}",1.6432556968032341,1.724914398519441,0.7371046947426877
4,0.8799010068680719,0.7407567138332827,1.0190452999028612,1.587589737231952,0.6523136882220998,lgbm,xgb_limitdepth,"{'n_estimators': 31, 'num_leaves': 6, 'min_child_samples': 28, 'learning_rate': 0.14653642792447463, 'log_max_bin': 7, 'colsample_bytree': 0.7029035189973062, 'reg_alpha': 0.0009765625, 'reg_lambda': 0.4147458212538551}","{'n_estimators': 5, 'max_depth': 6, 'min_child_weight': 0.5583986612098792, 'learning_rate': 0.16507461256849398, 'subsample': 0.7499849561081569, 'colsample_bylevel': 0.8522480567643952, 'colsample_bytree': 1.0, 'reg_alpha': 0.009153380927903328, 'reg_lambda': 7.049249622322388}",1.4465451451521063,1.4945309351573848,0.6962344303318598
5,0.830271043700795,0.6930768948641297,0.9674651925374602,1.2738475756508434,0.6462306141611914,lgbm,extra_tree,"{'n_estimators': 4, 'num_leaves': 4, 'min_child_samples': 14, 'learning_rate': 0.6450159689052979, 'log_max_bin': 7, 'colsample_bytree': 1.0, 'reg_alpha': 0.0019061598045604913, 'reg_lambda': 1.9823904534309267}","{'n_estimators': 6, 'max_leaves': 15, 'max_features': 0.9804101965607068, 'criterion': 'gini'}",1.323975582401481,1.3885836821455115,0.6888484973819454
6,0.7618011116314701,0.6310667835733986,0.8925354396895416,1.3249316828729616,0.6439842502130013,lgbm,xgboost,"{'n_estimators': 150, 'num_leaves': 4, 'min_child_samples': 3, 'learning_rate': 0.08454479375815759, 'log_max_bin': 9, 'colsample_bytree': 1.0, 'reg_alpha': 0.006553917984433999, 'reg_lambda': 4.987834747816196}","{'n_estimators': 4, 'max_leaves': 9, 'min_child_weight': 0.01979672299775578, 'learning_rate': 0.5236659421891822, 'subsample': 0.5388299071897007, 'colsample_bylevel': 0.9801399951593921, 'colsample_bytree': 0.9986639108743721, 'reg_alpha': 0.0030104035674274093, 'reg_lambda': 0.003819419030755874}",1.3396289940079582,1.4074616549558854,0.7853064494131252
7,0.7869672656150163,0.6362992361673632,0.9376352950626694,1.041362930809156,0.5896444055969353,rf,lgbm,"{'n_estimators': 4, 'max_features': 1.0, 'max_leaves': 449}","{'n_estimators': 6, 'num_leaves': 4, 'min_child_samples': 7, 'learning_rate': 0.817112341507195, 'log_max_bin': 9, 'colsample_bytree': 0.927943243680621, 'reg_alpha': 0.0009765625, 'reg_lambda': 0.5777342895955387}",1.6197956354792555,1.6869704238809369,0.7189016862515398
8,0.7607138031277251,0.6249799766421753,0.8964476296132748,1.1460907980584552,0.622333720034244,lgbm,xgboost,"{'n_estimators': 78, 'num_leaves': 4, 'min_child_samples': 5, 'learning_rate': 0.1791503576644299, 'log_max_bin': 10, 'colsample_bytree': 0.7289206312068428, 'reg_alpha': 0.0009765625, 'reg_lambda': 0.9383702427933415}","{'n_estimators': 18, 'max_leaves': 7, 'min_child_weight': 0.5376282437572996, 'learning_rate': 0.27584541108691185, 'subsample': 0.8955149965812814, 'colsample_bylevel': 0.7733709446610099, 'colsample_bytree': 0.8997712816731301, 'reg_alpha': 0.012133619071424132, 'reg_lambda': 10.171614187738257}",1.274840044451141,1.3292707670063286,0.689135848248747
9,0.8374856132029377,0.707096623246966,0.9678746031589094,1.3958149813309138,0.6506970092362049,lgbm,xgb_limitdepth,"{'n_estimators': 4, 'num_leaves': 4, 'min_child_samples': 10, 'learning_rate': 0.7006829990759997, 'log_max_bin': 10, 'colsample_bytree': 0.9393827246032028, 'reg_alpha': 0.07942226134797405, 'reg_lambda': 4.477783510961221}","{'n_estimators': 28, 'max_depth': 7, 'min_child_weight': 3.4677261931689682, 'learning_rate': 0.14443239810276845, 'subsample': 1.0, 'colsample_bylevel': 0.7943810262685714, 'colsample_bytree': 0.8499027725496043, 'reg_alpha': 0.0015851927568202393, 'reg_lambda': 7.014269606613894}",1.3700653932444944,1.4138210067937396,0.7186898369249278
10,0.7762550625383766,0.633457122352133,0.9190530027246202,1.1869033559764341,0.6246668706627765,xgboost,lgbm,"{'n_estimators': 4, 'max_leaves': 4, 'min_child_weight': 0.4351640644074561, 'learning_rate': 1.0, 'subsample': 0.8260336705261462, 'colsample_bylevel': 0.8820072449625802, 'colsample_bytree': 1.0, 'reg_alpha': 0.0009765625, 'reg_lambda': 0.007577920720836518}","{'n_estimators': 91, 'num_leaves': 4, 'min_child_samples': 4, 'learning_rate': 0.2063321561615146, 'log_max_bin': 9, 'colsample_bytree': 0.9607110937243795, 'reg_alpha': 0.03214197012822512, 'reg_lambda': 0.011779673061052025}",1.508127802800002,1.5906162318460129,0.7178296621838152
11,0.7119849602086379,0.5780122387610358,0.84595768165624,1.513932234283716,0.5986912667605222,lgbm,xgboost,"{'n_estimators': 26, 'num_leaves': 5, 'min_child_samples': 5, 'learning_rate': 0.2162163258239045, 'log_max_bin': 7, 'colsample_bytree': 0.8738985844541164, 'reg_alpha': 0.0009765625, 'reg_lambda': 0.23875548531807006}","{'n_estimators': 14, 'max_leaves': 21, 'min_child_weight': 1.774403499863546, 'learning_rate': 0.18826801603242074, 'subsample': 0.8974870125144078, 'colsample_bylevel': 0.9514690735653925, 'colsample_bytree': 0.9071303694803654, 'reg_alpha': 0.0011005021177496238, 'reg_lambda': 0.04286848326470255}",1.2514014357705046,1.29321393537392,0.7089670798796244
12,0.9012999928332092,0.7721966532336249,1.0304033324327935,1.3279926079677111,0.6267489194776799,rf,rf,"{'n_estimators': 6, 'max_features': 0.6225737615733057, 'max_leaves': 10}","{'n_estimators': 18, 'max_features': 0.21923737336778212, 'max_leaves': 71, 'criterion': 'gini'}",1.3215753861205726,1.39847628155657,0.7186754828830185
13,0.7170638660397587,0.5736991705690387,0.8604285615104786,1.4162428845683195,0.6213796225686868,xgboost,xgb_limitdepth,"{'n_estimators': 24, 'max_leaves': 4, 'min_child_weight': 16.233825690054942, 'learning_rate': 0.4759695049564823, 'subsample': 0.8927652377516287, 'colsample_bylevel': 1.0, 'colsample_bytree': 1.0, 'reg_alpha': 0.0031334834274903854, 'reg_lambda': 0.010940531241456415}","{'n_estimators': 17, 'max_depth': 4, 'min_child_weight': 4.779286646745711, 'learning_rate': 0.22336549564796657, 'subsample': 1.0, 'colsample_bylevel': 0.5606404155925148, 'colsample_bytree': 0.7373008871246923, 'reg_alpha': 0.0016942549681487093, 'reg_lambda': 0.08159753661050746}",1.4643641803940104,1.5144019499715136,0.7013181752476045
14,0.895967501220922,0.76349545922669,1.0284395432151539,1.0398123469075091,0.636070084043437,lgbm,extra_tree,"{'n_estimators': 16, 'num_leaves': 4, 'min_child_samples': 12, 'learning_rate': 0.38590813758565606, 'log_max_bin': 6, 'colsample_bytree': 1.0, 'reg_alpha': 0.005376165457436787, 'reg_lambda': 0.17761815325864042}","{'n_estimators': 5, 'max_features': 0.10133369243829625, 'max_leaves': 20, 'criterion': 'entropy'}",1.2653405342582709,1.307628333019346,0.691804972422653
15,0.8034677048654315,0.6561944097578779,0.9507409999729851,1.0557661872253032,0.6582103705673744,lgbm,extra_tree,"{'n_estimators': 51, 'num_leaves': 4, 'min_child_samples': 29, 'learning_rate': 0.660764537636589, 'log_max_bin': 8, 'colsample_bytree': 0.9647033888064177, 'reg_alpha': 0.0009765625, 'reg_lambda': 30.996680584098925}","{'n_estimators': 4, 'max_features': 0.08665172004321985, 'max_leaves': 5, 'criterion': 'gini'}",1.4683222964348974,1.5000324694986618,0.6839858721404006
16,0.716846719297567,0.592108720313214,0.84158471828192,1.253023489545877,0.5689394764017826,xgboost,xgboost,"{'n_estimators': 19, 'max_leaves': 4, 'min_child_weight': 4.365781768336173, 'learning_rate': 0.3897471012834253, 'subsample': 1.0, 'colsample_bylevel': 0.7809104512641417, 'colsample_bytree': 0.6529291315955691, 'reg_alpha': 0.002070607827452552, 'reg_lambda': 0.9035306786864321}","{'n_estimators': 18, 'max_leaves': 5, 'min_child_weight': 0.38195523549954924, 'learning_rate': 0.57041137030103, 'subsample': 0.8637430832624732, 'colsample_bylevel': 1.0, 'colsample_bytree': 0.7917904630596128, 'reg_alpha': 0.0009765625, 'reg_lambda': 0.14713253454326322}",1.3176819106568216,1.415056195737629,0.8812220556447146
17,0.7214798794730896,0.5982608478136415,0.8446989111325376,1.108184702294821,0.5829483102641854,xgb_limitdepth,xgboost,"{'n_estimators': 144, 'max_depth': 8, 'min_child_weight': 88.73079230176745, 'learning_rate': 0.054522838953391835, 'subsample': 0.9323429942695131, 'colsample_bylevel': 1.0, 'colsample_bytree': 0.9750941129967554, 'reg_alpha': 0.0009765625, 'reg_lambda': 1.0197131282577852}","{'n_estimators': 6, 'max_leaves': 14, 'min_child_weight': 0.009345737827564978, 'learning_rate': 0.6152801278348367, 'subsample': 0.871169930985107, 'colsample_bylevel': 0.9781304857530072, 'colsample_bytree': 1.0, 'reg_alpha': 3.6860060822912066, 'reg_lambda': 0.7038650019878231}",1.2531512312632371,1.3247330911089628,0.7899426584755777
18,0.9160581813450205,0.770308430207059,1.0618079324829819,1.3825065281045446,0.6270323255482841,lgbm,xgb_limitdepth,"{'n_estimators': 45, 'num_leaves': 7, 'min_child_samples': 8, 'learning_rate': 0.2816031048551556, 'log_max_bin': 9, 'colsample_bytree': 0.583257704633757, 'reg_alpha': 0.0009765625, 'reg_lambda': 0.05826642807753712}","{'n_estimators': 13, 'max_depth': 6, 'min_child_weight': 5.627878536669473, 'learning_rate': 0.10540392636208407, 'subsample': 0.9586805189843034, 'colsample_bylevel': 1.0, 'colsample_bytree': 0.9176367478706113, 'reg_alpha': 0.0009765625, 'reg_lambda': 0.1384756915097827}",1.490037927318811,1.5429777832999896,0.6943035947529108
19,0.686050148984397,0.5585901729380556,0.8135101250307384,1.137239138871522,0.6181244801035991,lgbm,xgb_limitdepth,"{'n_estimators': 37, 'num_leaves': 14, 'min_child_samples': 9, 'learning_rate': 0.5757541758331208, 'log_max_bin': 7, 'colsample_bytree': 0.9106945171498108, 'reg_alpha': 0.03578409361972219, 'reg_lambda': 88.3022575199036}","{'n_estimators': 19, 'max_depth': 7, 'min_child_weight': 0.30252694022269544, 'learning_rate': 0.8223013388812833, 'subsample': 0.7566562178316142, 'colsample_bylevel': 0.9772893004265926, 'colsample_bytree': 0.9829872618824868, 'reg_alpha': 0.6283187301826143, 'reg_lambda': 7.4333991407972135}",1.4110568229978553,1.5290766538618377,0.8844579304255415
20,0.8713694953334689,0.7472367477670788,0.9955022428998589,0.9507198282481341,0.6451171662877587,lgbm,xgboost,"{'n_estimators': 9, 'num_leaves': 4, 'min_child_samples': 10, 'learning_rate': 0.3375684785100051, 'log_max_bin': 5, 'colsample_bytree': 0.7658032688069535, 'reg_alpha': 0.0016405873592398128, 'reg_lambda': 0.004767297662366191}","{'n_estimators': 5, 'max_leaves': 4, 'min_child_weight': 2.7285999673565633, 'learning_rate': 0.9118607749733061, 'subsample': 1.0, 'colsample_bylevel': 1.0, 'colsample_bytree': 1.0, 'reg_alpha': 0.0027540356521178005, 'reg_lambda': 0.09744753317898837}",1.2571812765530672,1.3624833803026282,0.7497428426014037
21,0.7168482710663941,0.5788611083540783,0.85483543377871,1.1415143953049576,0.6416443441665024,lgbm,extra_tree,"{'n_estimators': 83, 'num_leaves': 8, 'min_child_samples': 5, 'learning_rate': 0.16523708669369835, 'log_max_bin': 9, 'colsample_bytree': 1.0, 'reg_alpha': 0.33249775343051974, 'reg_lambda': 0.03077818675297322}","{'n_estimators': 14, 'max_features': 0.07557317661847589, 'max_leaves': 47, 'criterion': 'entropy'}",1.3186507138413825,1.353097497287446,0.6776175313136815
22,0.9108865748794377,0.769781428854889,1.0519917209039864,1.3002560402075252,0.6590454856619428,lgbm,rf,"{'n_estimators': 8, 'num_leaves': 4, 'min_child_samples': 19, 'learning_rate': 0.676258242484709, 'log_max_bin': 10, 'colsample_bytree': 0.5265798099800674, 'reg_alpha': 0.1460400945607191, 'reg_lambda': 0.2374913790526942}","{'n_estimators': 4, 'max_features': 0.11642935148968346, 'max_leaves': 5, 'criterion': 'gini'}",1.5043021791213222,1.508865526271352,0.6932180426509393
23,0.7492992339696342,0.6038289931708215,0.8947694747684468,1.0314700887409756,0.6010635921768114,lgbm,xgb_limitdepth,"{'n_estimators': 58, 'num_leaves': 5, 'min_child_samples': 34, 'learning_rate': 0.22914872549886187, 'log_max_bin': 7, 'colsample_bytree': 0.9226980609562929, 'reg_alpha': 0.04955405121956222, 'reg_lambda': 1.9972152569689516}","{'n_estimators': 35, 'max_depth': 5, 'min_child_weight': 3.7280962245690725, 'learning_rate': 0.16643333157982768, 'subsample': 0.9743840464694707, 'colsample_bylevel': 0.462354431438145, 'colsample_bytree': 0.6622398633289289, 'reg_alpha': 0.009792086504438635, 'reg_lambda': 3.9793589498426174}",1.4588786667672224,1.5013541326455122,0.7168813846677303
24,0.7950235942240846,0.6563541693851983,0.933693019062971,1.126328276357878,0.6484631882870898,extra_tree,xgb_limitdepth,"{'n_estimators': 4, 'max_features': 0.9586055955836026, 'max_leaves': 9}","{'n_estimators': 30, 'max_depth': 6, 'min_child_weight': 2.8158300464240953, 'learning_rate': 0.06899793003925356, 'subsample': 0.9216351970976798, 'colsample_bylevel': 0.446746125776155, 'colsample_bytree': 0.7648223976257724, 'reg_alpha': 0.0009765625, 'reg_lambda': 0.5847409283029706}",1.3883320544339468,1.4119433782401203,0.6929750170537314
25,0.7802346929171354,0.6408343233997519,0.919635062434519,1.2869981962397068,0.6275734486177068,xgboost,rf,"{'n_estimators': 15, 'max_leaves': 4, 'min_child_weight': 11.49770077681118, 'learning_rate': 0.35237417247598457, 'subsample': 0.9474137669320228, 'colsample_bylevel': 0.9302633112363701, 'colsample_bytree': 0.7838382078579851, 'reg_alpha': 0.0022279445811163906, 'reg_lambda': 0.726867708662409}","{'n_estimators': 4, 'max_features': 0.09473817976362822, 'max_leaves': 8, 'criterion': 'entropy'}",1.3104266587496145,1.3622411518487465,0.6942829845464585
26,0.811738864863607,0.6755922795350333,0.9478854501921807,1.1457007783083548,0.5915418363903292,lgbm,lgbm,"{'n_estimators': 12, 'num_leaves': 4, 'min_child_samples': 31, 'learning_rate': 0.584448673141259, 'log_max_bin': 10, 'colsample_bytree': 1.0, 'reg_alpha': 0.05487013819006958, 'reg_lambda': 12.265301150006868}","{'n_estimators': 95, 'num_leaves': 9, 'min_child_samples': 19, 'learning_rate': 0.10388093466170485, 'log_max_bin': 9, 'colsample_bytree': 0.7974633804549807, 'reg_alpha': 0.06398308461467997, 'reg_lambda': 0.8717644975966844}",1.2921926936215056,1.3632678684081765,0.6891301164777341
27,1.0144183377370182,0.8818972026970995,1.1469394727769369,1.4584594870251464,0.6313647312276504,lgbm,xgb_limitdepth,"{'n_estimators': 37, 'num_leaves': 10, 'min_child_samples': 9, 'learning_rate': 0.12048236766420453, 'log_max_bin': 10, 'colsample_bytree': 0.8479754977217039, 'reg_alpha': 0.018084154660609874, 'reg_lambda': 0.002080385043014518}","{'n_estimators': 4, 'max_depth': 6, 'min_child_weight': 8.223193742793304, 'learning_rate': 0.7710523687412187, 'subsample': 1.0, 'colsample_bylevel': 1.0, 'colsample_bytree': 0.698770187054786, 'reg_alpha': 0.023756677055818545, 'reg_lambda': 55.0443952216803}",1.3350605583787212,1.3742303272955025,0.6784633522417223
28,0.9393993149052605,0.8048630394160601,1.073935590394461,0.969874789257609,0.6533488400015827,lgbm,extra_tree,"{'n_estimators': 29, 'num_leaves': 6, 'min_child_samples': 3, 'learning_rate': 0.272144201539386, 'log_max_bin': 9, 'colsample_bytree': 0.9490340504083986, 'reg_alpha': 0.0027637646383879186, 'reg_lambda': 0.09714132251350496}","{'n_estimators': 8, 'max_features': 0.10216107974101224, 'max_leaves': 11, 'criterion': 'entropy'}",1.282564387205556,1.3534841827179298,0.6733633542608616
29,0.9338283160098302,0.79730438019402,1.0703522518256405,1.18671251920439,0.6373701842820119,lgbm,lgbm,"{'n_estimators': 4, 'num_leaves': 11, 'min_child_samples': 8, 'learning_rate': 0.6552706779747857, 'log_max_bin': 8, 'colsample_bytree': 1.0, 'reg_alpha': 0.006236778740303794, 'reg_lambda': 5.006176453374065}","{'n_estimators': 16, 'num_leaves': 6, 'min_child_samples': 3, 'learning_rate': 0.3074849677043393, 'log_max_bin': 6, 'colsample_bytree': 0.8828177256560057, 'reg_alpha': 0.0009765625, 'reg_lambda': 1.2883884559171506}",1.4240321220466707,1.5105593829057293,0.7076561406514786
30,0.7877872281782295,0.6492757587997519,0.9262986975567072,1.2099787558779145,0.6260226122742775,lgbm,xgb_limitdepth,"{'n_estimators': 4, 'num_leaves': 4, 'min_child_samples': 9, 'learning_rate': 0.7018495695341709, 'log_max_bin': 10, 'colsample_bytree': 0.9184742042289002, 'reg_alpha': 0.0733355985854149, 'reg_lambda': 0.4560303858506615}","{'n_estimators': 59, 'max_depth': 2, 'min_child_weight': 64.04154821451068, 'learning_rate': 0.45882697772276815, 'subsample': 1.0, 'colsample_bylevel': 0.9314848656936705, 'colsample_bytree': 0.7300324015947092, 'reg_alpha': 0.0009765625, 'reg_lambda': 10.148161814147052}",1.389710250129379,1.4218535685883422,0.6977758405191082
31,0.7444601502318825,0.6000365633770275,0.8888837370867375,1.2959678220179263,0.6508576236815331,lgbm,extra_tree,"{'n_estimators': 5, 'num_leaves': 4, 'min_child_samples': 12, 'learning_rate': 0.6586925028841699, 'log_max_bin': 9, 'colsample_bytree': 0.9724084745031106, 'reg_alpha': 0.004307195449665433, 'reg_lambda': 0.3752328565851639}","{'n_estimators': 10, 'max_leaves': 10, 'max_features': 0.282562399521797, 'criterion': 'entropy'}",1.4088302734498674,1.4503302496605015,0.6726686936727447
32,0.8828517496754117,0.7400607222954395,1.0256427770553838,1.367926772820544,0.6085344038757623,lgbm,xgboost,"{'n_estimators': 433, 'num_leaves': 6, 'min_child_samples': 4, 'learning_rate': 0.1311683227990805, 'log_max_bin': 5, 'colsample_bytree': 0.6388478810975344, 'reg_alpha': 0.008110414105028607, 'reg_lambda': 0.018612361996608914}","{'n_estimators': 29, 'max_leaves': 9, 'min_child_weight': 2.60860952773009, 'learning_rate': 0.14412940060727653, 'subsample': 0.9586805189843034, 'colsample_bylevel': 0.9510847374951135, 'colsample_bytree': 0.6496265197748313, 'reg_alpha': 0.0009765625, 'reg_lambda': 0.6780318695760814}",1.4292127616182615,1.4873258118197437,0.7031229766833317
33,0.8229112771173384,0.6447613261389924,1.0010612280956843,1.6918797471519427,0.6335079904257419,xgb_limitdepth,rf,"{'n_estimators': 9, 'max_depth': 5, 'min_child_weight': 0.7262196580236445, 'learning_rate': 0.7935551146413818, 'subsample': 1.0, 'colsample_bylevel': 1.0, 'colsample_bytree': 0.9493305019064923, 'reg_alpha': 0.013979102851735113, 'reg_lambda': 0.1316210844232904}","{'n_estimators': 4, 'max_leaves': 11, 'max_features': 0.1923754842563683, 'criterion': 'gini'}",2.197781971887059,2.263729703274719,0.7032436433800426
34,0.9241135857407883,0.779438658947686,1.0687885125338905,1.4605589817158113,0.6460767126830437,xgb_limitdepth,lgbm,"{'n_estimators': 62, 'max_depth': 2, 'min_child_weight': 0.06986000095658221, 'learning_rate': 0.2491997608482519, 'subsample': 0.8983497131689441, 'colsample_bylevel': 0.9058517017109315, 'colsample_bytree': 0.9489240560999183, 'reg_alpha': 0.06349673129677047, 'reg_lambda': 0.01120104241659296}","{'n_estimators': 13, 'num_leaves': 4, 'min_child_samples': 23, 'learning_rate': 0.24749079582429478, 'log_max_bin': 8, 'colsample_bytree': 1.0, 'reg_alpha': 0.0021138233859018985, 'reg_lambda': 8.02832566601602}",1.495422236879498,1.5413079457925078,0.6795221508708976
35,0.8004205302747627,0.6693003438618578,0.9315407166876676,1.1269050100052083,0.6144915510918579,extra_tree,xgboost,"{'n_estimators': 6, 'max_features': 0.9568974388996025, 'max_leaves': 15}","{'n_estimators': 18, 'max_leaves': 7, 'min_child_weight': 2.502967701298985, 'learning_rate': 0.30177101650334914, 'subsample': 0.9705594321279309, 'colsample_bylevel': 1.0, 'colsample_bytree': 0.9960958280153287, 'reg_alpha': 0.005771390107656191, 'reg_lambda': 0.037724573912107845}",1.3190328562383935,1.389741777561665,0.7197820024596365
36,0.9822286234327634,0.8487428142109494,1.1157144326545774,1.1773151244119415,0.6478863566601252,lgbm,rf,"{'n_estimators': 45, 'num_leaves': 6, 'min_child_samples': 16, 'learning_rate': 0.10969053340449708, 'log_max_bin': 3, 'colsample_bytree': 0.7679956566268157, 'reg_alpha': 0.05941949352945245, 'reg_lambda': 0.0009765625}","{'n_estimators': 5, 'max_features': 0.07683492989872481, 'max_leaves': 15, 'criterion': 'entropy'}",1.363108740002838,1.4292450951053892,0.70285451846813
37,0.6456224373870297,0.5220426331357667,0.7692022416382928,0.9014637113001845,0.6389907739472156,xgb_limitdepth,xgboost,"{'n_estimators': 14, 'max_depth': 4, 'min_child_weight': 1.1525583906058532, 'learning_rate': 0.28287808875706294, 'subsample': 1.0, 'colsample_bylevel': 1.0, 'colsample_bytree': 0.7719123615695099, 'reg_alpha': 0.017975056484377333, 'reg_lambda': 2.729359170293765}","{'n_estimators': 20, 'max_leaves': 4, 'min_child_weight': 0.5562479773443737, 'learning_rate': 0.6468506299232892, 'subsample': 0.5628971247719887, 'colsample_bylevel': 0.7057245814586616, 'colsample_bytree': 0.9524959797660157, 'reg_alpha': 0.0009765625, 'reg_lambda': 3.4480540876368075}",1.3073445246093087,1.4361832578353544,0.905635111413734
38,0.87688371940835,0.7423013672659554,1.0114660715507446,1.1058181297237502,0.6537734496668586,lgbm,rf,"{'n_estimators': 12, 'num_leaves': 4, 'min_child_samples': 20, 'learning_rate': 0.22888224785969852, 'log_max_bin': 9, 'colsample_bytree': 1.0, 'reg_alpha': 0.028804827595474276, 'reg_lambda': 0.1696732308228364}","{'n_estimators': 6, 'max_features': 0.13468862523744118, 'max_leaves': 10, 'criterion': 'gini'}",1.3526235175141121,1.4123946302442236,0.7119715687371713
39,0.7642806955816833,0.6268958892977983,0.9016655018655684,1.1369902035261914,0.6012586983395558,xgb_limitdepth,xgb_limitdepth,"{'n_estimators': 104, 'max_depth': 2, 'min_child_weight': 3.1204560001528354, 'learning_rate': 0.11172103820992707, 'subsample': 0.989136898992892, 'colsample_bylevel': 0.6714611694303566, 'colsample_bytree': 0.9171427905839893, 'reg_alpha': 0.009487296541348228, 'reg_lambda': 0.007680353074219767}","{'n_estimators': 7, 'max_depth': 1, 'min_child_weight': 31.29293665196877, 'learning_rate': 1.0, 'subsample': 0.8400678876720253, 'colsample_bylevel': 0.40462108715943584, 'colsample_bytree': 0.7769883109747882, 'reg_alpha': 0.008415137117079204, 'reg_lambda': 3.4164133407489388}",1.312141437397534,1.3695736090981514,0.6991124356595978
40,0.8887725137914957,0.7474605971584992,1.030084430424492,1.444163207423997,0.6380466336717617,extra_tree,extra_tree,"{'n_estimators': 5, 'max_features': 0.8378314589682367, 'max_leaves': 16}","{'n_estimators': 4, 'max_features': 0.07071067811865475, 'max_leaves': 42, 'criterion': 'gini'}",1.4691139798661075,1.5294597762145363,0.705083354488489
41,0.840665356705026,0.7114525655778093,0.9698781478322426,1.1985467559059766,0.6486460436763688,lgbm,rf,"{'n_estimators': 115, 'num_leaves': 5, 'min_child_samples': 9, 'learning_rate': 0.07482543192415346, 'log_max_bin': 8, 'colsample_bytree': 0.8629776239843304, 'reg_alpha': 0.0012317261797722217, 'reg_lambda': 0.058059374223641554}","{'n_estimators': 4, 'max_leaves': 6, 'max_features': 0.7694783151416735, 'criterion': 'gini'}",1.2748117719524328,1.3014411404587294,0.7031199160087037
42,0.809388821136446,0.6616809488011356,0.9570966934717563,1.2944260495029567,0.6327082114274034,lgbm,lgbm,"{'n_estimators': 6, 'num_leaves': 11, 'min_child_samples': 5, 'learning_rate': 0.44975829928083955, 'log_max_bin': 10, 'colsample_bytree': 0.8731068720710111, 'reg_alpha': 0.0016212706920939064, 'reg_lambda': 1.2738328577183837}","{'n_estimators': 4, 'num_leaves': 5, 'min_child_samples': 25, 'learning_rate': 1.0, 'log_max_bin': 7, 'colsample_bytree': 0.8312331852941641, 'reg_alpha': 0.0009765625, 'reg_lambda': 7.391334349740164}",1.455160144400872,1.516165618545267,0.697539345903903
43,0.9344751985973245,0.7890320532634673,1.0799183439311817,1.318472624341694,0.6126017270450053,xgboost,lgbm,"{'n_estimators': 8, 'max_leaves': 6, 'min_child_weight': 1.6947595926069179, 'learning_rate': 1.0, 'subsample': 0.9112260537603014, 'colsample_bylevel': 1.0, 'colsample_bytree': 0.9524959797660157, 'reg_alpha': 0.0009765625, 'reg_lambda': 454.87179332435994}","{'n_estimators': 67, 'num_leaves': 29, 'min_child_samples': 7, 'learning_rate': 0.029666340397877203, 'log_max_bin': 7, 'colsample_bytree': 0.7713193707367519, 'reg_alpha': 0.0009765625, 'reg_lambda': 0.02115371140955599}",1.34887457331195,1.4329930514791698,0.6643455225919234
44,0.9011627069583374,0.7664368041326481,1.0358886097840267,1.2173967322336952,0.648849367648061,extra_tree,rf,"{'n_estimators': 7, 'max_features': 0.9178729375601687, 'max_leaves': 15}","{'n_estimators': 14, 'max_features': 0.1356034645570534, 'max_leaves': 10, 'criterion': 'gini'}",1.2998650130426812,1.372674376591029,0.686358649757503
45,0.7914540931566598,0.6591015506089519,0.9238066357043677,1.0622795698218606,0.6142143539938272,lgbm,xgboost,"{'n_estimators': 8, 'num_leaves': 4, 'min_child_samples': 11, 'learning_rate': 0.7094412839879204, 'log_max_bin': 6, 'colsample_bytree': 0.759579264699295, 'reg_alpha': 0.0009765625, 'reg_lambda': 40.26943169790736}","{'n_estimators': 4, 'max_leaves': 4, 'min_child_weight': 0.030737079121443852, 'learning_rate': 0.7779821178731411, 'subsample': 0.8505006720964788, 'colsample_bylevel': 1.0, 'colsample_bytree': 1.0, 'reg_alpha': 0.0009765625, 'reg_lambda': 0.0021432712038955905}",1.373679681426283,1.44006887579269,0.72614559722735
46,0.8478149242399022,0.7135678499601465,0.9820619985196579,1.3954032567067123,0.6069351347053752,lgbm,xgb_limitdepth,"{'n_estimators': 26, 'num_leaves': 4, 'min_child_samples': 53, 'learning_rate': 0.30431692847479797, 'log_max_bin': 10, 'colsample_bytree': 1.0, 'reg_alpha': 0.17190792520767534, 'reg_lambda': 12.896545059831714}","{'n_estimators': 24, 'max_depth': 4, 'min_child_weight': 19.64498504837697, 'learning_rate': 0.2565871516056771, 'subsample': 1.0, 'colsample_bylevel': 0.9669481169317689, 'colsample_bytree': 0.9895436611024311, 'reg_alpha': 0.0009765625, 'reg_lambda': 10.830895519095275}",1.2784681324557154,1.357114827106389,0.6946017232394263
47,0.7744494412012769,0.6443882055739004,0.9045106768286534,1.1839575889724763,0.6478142122337054,xgboost,lgbm,"{'n_estimators': 17, 'max_leaves': 5, 'min_child_weight': 18.11279565726949, 'learning_rate': 0.16456337658641548, 'subsample': 0.8353282086509437, 'colsample_bylevel': 0.7958598956263491, 'colsample_bytree': 0.9853350855592888, 'reg_alpha': 0.0013253721908274404, 'reg_lambda': 0.23530778490516455}","{'n_estimators': 10, 'num_leaves': 4, 'min_child_samples': 57, 'learning_rate': 0.6199067817779661, 'log_max_bin': 10, 'colsample_bytree': 0.9322847088359298, 'reg_alpha': 0.014228131044422688, 'reg_lambda': 0.17851333855008195}",1.0179880663163374,1.298653018598737,0.7462805047681725
48,0.7372491958582931,0.607693738187966,0.8668046535286201,0.9162645380549589,0.5809125844023976,extra_tree,xgboost,"{'n_estimators': 5, 'max_features': 0.7562871641795689, 'max_leaves': 12}","{'n_estimators': 6, 'max_leaves': 8, 'min_child_weight': 0.7694377042261122, 'learning_rate': 0.8103253080089713, 'subsample': 1.0, 'colsample_bylevel': 0.9088550158793876, 'colsample_bytree': 0.7967145599266738, 'reg_alpha': 0.058176484040363505, 'reg_lambda': 4.081433281365178}",1.3043181106677777,1.3835025664791645,0.7470708637321948
49,0.7619270827393132,0.6337702772160541,0.8900838882625723,0.8439420664322749,0.620880858844522,xgb_limitdepth,rf,"{'n_estimators': 84, 'max_depth': 6, 'min_child_weight': 13.293253922901487, 'learning_rate': 0.09287965362774876, 'subsample': 1.0, 'colsample_bylevel': 1.0, 'colsample_bytree': 1.0, 'reg_alpha': 0.02285464098536842, 'reg_lambda': 0.36949668577382555}","{'n_estimators': 4, 'max_features': 0.12048145670176752, 'max_leaves': 7, 'criterion': 'entropy'}",1.1977386935565104,1.2492936252416127,0.6903674084117434
50,0.7269207145556154,0.5899419997178287,0.863899429393402,1.1343335358561104,0.6169875291814635,xgb_limitdepth,lgbm,"{'n_estimators': 46, 'max_depth': 7, 'min_child_weight': 27.630479770790515, 'learning_rate': 0.25646867004190377, 'subsample': 0.9938762824553662, 'colsample_bylevel': 1.0, 'colsample_bytree': 1.0, 'reg_alpha': 0.0034413810665221054, 'reg_lambda': 24.335884059441184}","{'n_estimators': 5, 'num_leaves': 8, 'min_child_samples': 3, 'learning_rate': 0.5964734018365548, 'log_max_bin': 8, 'colsample_bytree': 1.0, 'reg_alpha': 0.022486097104280633, 'reg_lambda': 2.8468050518986003}",1.304118897144843,1.3620769642327,0.7138594915804115
51,0.8572736772156132,0.7229646218897752,0.9915827325414512,1.5253439012109635,0.6531511139051587,lgbm,xgb_limitdepth,"{'n_estimators': 47, 'num_leaves': 4, 'min_child_samples': 9, 'learning_rate': 0.3252240843771312, 'log_max_bin': 8, 'colsample_bytree': 0.9835546207164181, 'reg_alpha': 0.0009765625, 'reg_lambda': 0.9721909234249065}","{'n_estimators': 4, 'max_depth': 4, 'min_child_weight': 3.93478854228986, 'learning_rate': 0.4504670834474423, 'subsample': 0.7816890652406704, 'colsample_bylevel': 0.696766150784904, 'colsample_bytree': 0.8893382955812, 'reg_alpha': 0.008746063292965362, 'reg_lambda': 9.56786402906818}",1.4003504514514906,1.4350107374623053,0.7076619525701303
52,0.7444968848322603,0.5975788258836222,0.8914149437808984,1.3084291204796403,0.6176025250684513,extra_tree,lgbm,"{'n_estimators': 4, 'max_features': 0.8986789584982864, 'max_leaves': 12}","{'n_estimators': 4, 'num_leaves': 4, 'min_child_samples': 27, 'learning_rate': 0.683999730276959, 'log_max_bin': 10, 'colsample_bytree': 0.9083017698453065, 'reg_alpha': 0.0009765625, 'reg_lambda': 0.6668787591672348}",1.432139791715465,1.4981685692369446,0.6763748254177312
53,0.7800335899479311,0.6442677691075887,0.9157994107882736,1.5103639928449355,0.6169087772816498,lgbm,extra_tree,"{'n_estimators': 69, 'num_leaves': 4, 'min_child_samples': 6, 'learning_rate': 0.15377748420016063, 'log_max_bin': 8, 'colsample_bytree': 0.7183154794017166, 'reg_alpha': 0.0009765625, 'reg_lambda': 0.769303675002499}","{'n_estimators': 12, 'max_features': 0.3352664742334466, 'max_leaves': 69, 'criterion': 'gini'}",1.3486703826596824,1.367478021537259,0.7007856744530527
54,0.8141121990702384,0.6749871277346879,0.9532372704057888,1.2077272616833572,0.6441224173714184,xgboost,rf,"{'n_estimators': 11, 'max_leaves': 4, 'min_child_weight': 25.55661900096428, 'learning_rate': 0.4759695049564823, 'subsample': 1.0, 'colsample_bylevel': 1.0, 'colsample_bytree': 1.0, 'reg_alpha': 0.0009765625, 'reg_lambda': 0.007015682580216309}","{'n_estimators': 4, 'max_features': 0.11213975488312722, 'max_leaves': 12, 'criterion': 'entropy'}",1.3948693737112745,1.4520617195246528,0.7157992402094006
55,0.9060031196019744,0.7714766156741686,1.0405296235297803,1.1296262766803638,0.6552288965686994,extra_tree,extra_tree,"{'n_estimators': 11, 'max_features': 0.6817834678463146, 'max_leaves': 34}","{'n_estimators': 4, 'max_features': 0.08411323938281859, 'max_leaves': 12, 'criterion': 'entropy'}",1.3126724045778138,1.3629168213335374,0.6814073462714314
56,0.8112072735541682,0.673175999906487,0.9492385472018494,1.1185542252720968,0.5985661163893194,lgbm,lgbm,"{'n_estimators': 12, 'num_leaves': 13, 'min_child_samples': 5, 'learning_rate': 0.1765914776848039, 'log_max_bin': 10, 'colsample_bytree': 1.0, 'reg_alpha': 0.0009765625, 'reg_lambda': 0.032807097103107315}","{'n_estimators': 8, 'num_leaves': 34, 'min_child_samples': 21, 'learning_rate': 0.18217085993487203, 'log_max_bin': 10, 'colsample_bytree': 0.8723792185804516, 'reg_alpha': 0.0014435404036479077, 'reg_lambda': 0.010283558304547033}",1.4189398062456913,1.458857986013918,0.6984992926304956
57,0.7363688256749575,0.6016937627166574,0.8710438886332577,1.3059391342437476,0.6160650454899844,xgboost,xgboost,"{'n_estimators': 19, 'max_leaves': 4, 'min_child_weight': 0.7293630081449578, 'learning_rate': 0.2869302292564051, 'subsample': 1.0, 'colsample_bylevel': 0.9707519279523166, 'colsample_bytree': 0.8712686565884548, 'reg_alpha': 0.0009765625, 'reg_lambda': 0.04539258218019738}","{'n_estimators': 4, 'max_leaves': 4, 'min_child_weight': 0.18878316990594726, 'learning_rate': 0.8055888362873501, 'subsample': 0.8083900658682277, 'colsample_bylevel': 0.7858641883304651, 'colsample_bytree': 0.9526623502397028, 'reg_alpha': 0.02042971938646632, 'reg_lambda': 1.4129856394172549}",1.3111879680178744,1.3863899317228965,0.7182421430769714
58,0.8954370893613317,0.7591305068188055,1.031743671903858,1.1706887442289715,0.6355139429478001,lgbm,lgbm,"{'n_estimators': 4, 'num_leaves': 4, 'min_child_samples': 21, 'learning_rate': 0.7708448402666707, 'log_max_bin': 7, 'colsample_bytree': 1.0, 'reg_alpha': 1.0826512262187045, 'reg_lambda': 0.029413540544244943}","{'n_estimators': 6, 'num_leaves': 118, 'min_child_samples': 14, 'learning_rate': 0.15290767439159664, 'log_max_bin': 9, 'colsample_bytree': 0.34648133891436983, 'reg_alpha': 0.0043606098756554116, 'reg_lambda': 0.029239965990110646}",1.4219333756220118,1.4880349147258067,0.7140315514023802
59,0.8760960805211444,0.7363641761022398,1.015827984940049,1.2435518023898617,0.6342218188263119,lgbm,lgbm,"{'n_estimators': 18, 'num_leaves': 4, 'min_child_samples': 7, 'learning_rate': 0.40106881032023267, 'log_max_bin': 10, 'colsample_bytree': 0.8591464191448509, 'reg_alpha': 0.0009765625, 'reg_lambda': 0.1458645420529982}","{'n_estimators': 4, 'num_leaves': 5, 'min_child_samples': 88, 'learning_rate': 0.4285074327455128, 'log_max_bin': 9, 'colsample_bytree': 0.6643225391349669, 'reg_alpha': 0.0009765625, 'reg_lambda': 0.09152338527784229}",1.3776682768608106,1.4129805454120559,0.6876350258154589
60,0.6813249759933235,0.5408390110218889,0.8218109409647582,0.821260116261444,0.6458611914946624,xgboost,lgbm,"{'n_estimators': 6, 'max_leaves': 6, 'min_child_weight': 1.9784254263997612, 'learning_rate': 0.6217987384302857, 'subsample': 0.9233288068298845, 'colsample_bylevel': 0.9408749982425902, 'colsample_bytree': 0.6466187678012969, 'reg_alpha': 0.00582959106008926, 'reg_lambda': 1.519608554283884}","{'n_estimators': 68, 'num_leaves': 9, 'min_child_samples': 20, 'learning_rate': 0.0209721903365186, 'log_max_bin': 7, 'colsample_bytree': 0.9690530510640394, 'reg_alpha': 0.06370225397511749, 'reg_lambda': 0.17904715626445927}",1.3307891154503,1.37145475430644,0.6733567352707578
61,0.877765109575391,0.7269523343940283,1.0285778847567537,1.928752311690837,0.6336928112356331,rf,lgbm,"{'n_estimators': 7, 'max_features': 0.7703579528205414, 'max_leaves': 14}","{'n_estimators': 30, 'num_leaves': 16, 'min_child_samples': 95, 'learning_rate': 0.144806535765123, 'log_max_bin': 10, 'colsample_bytree': 0.8135673933880678, 'reg_alpha': 0.0506958434925315, 'reg_lambda': 4.813998881541803}",1.5182477406583916,1.5831393587067921,0.6710473937821385
62,0.8775786962648118,0.7198728318224354,1.035284560707188,1.2836819472495464,0.6172634480810464,lgbm,rf,"{'n_estimators': 25, 'num_leaves': 4, 'min_child_samples': 3, 'learning_rate': 0.9545531712079459, 'log_max_bin': 9, 'colsample_bytree': 0.9558402998650165, 'reg_alpha': 0.013903277908449639, 'reg_lambda': 63.386000775329414}","{'n_estimators': 8, 'max_leaves': 13, 'max_features': 0.5308386472940045, 'criterion': 'gini'}",1.6743687894575432,1.7191855690420985,0.6635757133473135
63,0.640070770771248,0.4851637692272587,0.7949777723152373,1.2957362054188533,0.6373186112663569,xgboost,lgbm,"{'n_estimators': 11, 'max_leaves': 6, 'min_child_weight': 3.839538704936267, 'learning_rate': 0.6239756985806584, 'subsample': 0.8696110953958197, 'colsample_bylevel': 0.8298672467336587, 'colsample_bytree': 0.8768001942190818, 'reg_alpha': 0.0009765625, 'reg_lambda': 0.0009765625}","{'n_estimators': 6, 'num_leaves': 24, 'min_child_samples': 29, 'learning_rate': 0.1164367382455291, 'log_max_bin': 8, 'colsample_bytree': 0.7557547143761006, 'reg_alpha': 0.06947642932715599, 'reg_lambda': 0.0009765625}",1.5207960082552217,1.550606314877598,0.6736420588913246
64,0.8423986279135992,0.6960151704202403,0.9887820854069581,1.0461842390183218,0.6293697928388914,xgboost,xgb_limitdepth,"{'n_estimators': 4, 'max_leaves': 4, 'min_child_weight': 0.015116154915151978, 'learning_rate': 1.0, 'subsample': 0.9305228229227205, 'colsample_bylevel': 0.9238645340625843, 'colsample_bytree': 1.0, 'reg_alpha': 0.15736360752899875, 'reg_lambda': 0.10046076232322645}","{'n_estimators': 14, 'max_depth': 7, 'min_child_weight': 0.10631997337856745, 'learning_rate': 0.10034423965945666, 'subsample': 0.6635410263261942, 'colsample_bylevel': 1.0, 'colsample_bytree': 0.8530854238576006, 'reg_alpha': 0.0022850474981819554, 'reg_lambda': 0.39302892242794146}",1.4868565025436946,1.5368644981011326,0.6939795233948755
65,0.8586574752351522,0.7178411750070074,0.9994737754632971,0.977096368289673,0.6204148661710468,xgboost,xgb_limitdepth,"{'n_estimators': 9, 'max_leaves': 9, 'min_child_weight': 1.8971735730083321, 'learning_rate': 0.4488033828420886, 'subsample': 1.0, 'colsample_bylevel': 0.9027889194778512, 'colsample_bytree': 1.0, 'reg_alpha': 0.0013816903555116699, 'reg_lambda': 0.0023158432362404614}","{'n_estimators': 8, 'max_depth': 4, 'min_child_weight': 18.94161480880622, 'learning_rate': 1.0, 'subsample': 0.992244771966558, 'colsample_bylevel': 0.8673327364047314, 'colsample_bytree': 0.8906057544464254, 'reg_alpha': 0.0009765625, 'reg_lambda': 23.90266300738298}",1.4159187581719357,1.5237709573778544,0.7270427801487233
66,0.7956715568821261,0.6559444686055552,0.935398645158697,1.0350238962805942,0.6016051105571202,lgbm,lgbm,"{'n_estimators': 20, 'num_leaves': 4, 'min_child_samples': 4, 'learning_rate': 0.41929025492645006, 'log_max_bin': 8, 'colsample_bytree': 0.7610534336273627, 'reg_alpha': 0.0009765625, 'reg_lambda': 0.009280655005879927}","{'n_estimators': 21, 'num_leaves': 4, 'min_child_samples': 6, 'learning_rate': 0.3307339404573974, 'log_max_bin': 6, 'colsample_bytree': 0.717942114890476, 'reg_alpha': 0.00547046570520238, 'reg_lambda': 0.007574573343462301}",1.3448306045401135,1.3960435801292863,0.6783527972782712
67,0.7901667333276319,0.6564019156075245,0.9239315510477393,0.9857041061194388,0.6164681128911655,lgbm,rf,"{'n_estimators': 23, 'num_leaves': 4, 'min_child_samples': 13, 'learning_rate': 0.29494982816267024, 'log_max_bin': 10, 'colsample_bytree': 1.0, 'reg_alpha': 0.005778238317153882, 'reg_lambda': 3.061355838150557}","{'n_estimators': 6, 'max_features': 0.08354588832577466, 'max_leaves': 14, 'criterion': 'entropy'}",1.2638518199032291,1.3150004439799314,0.7058901761763502
68,0.8961373450267468,0.7577490225143124,1.0345256675391812,1.0814179533181025,0.6705702001716766,extra_tree,extra_tree,"{'n_estimators': 5, 'max_features': 0.8386517614686628, 'max_leaves': 14}","{'n_estimators': 4, 'max_leaves': 5, 'max_features': 0.5469452577099918, 'criterion': 'entropy'}",1.4079996048056418,1.437578275237519,0.6887600262939089
69,0.7914535091000867,0.6457004701489337,0.9372065480512397,1.0948985114843668,0.6570573601226283,extra_tree,rf,"{'n_estimators': 4, 'max_features': 0.8955256151722287, 'max_leaves': 27}","{'n_estimators': 4, 'max_leaves': 5, 'max_features': 0.5469452577099918, 'criterion': 'entropy'}",1.4920336841567237,1.5542016111563652,0.7023189778596672
70,0.8741785967435641,0.740589771633048,1.0077674218540804,1.1073833529208934,0.6482545673590046,lgbm,lgbm,"{'n_estimators': 213, 'num_leaves': 4, 'min_child_samples': 17, 'learning_rate': 0.14057525850592145, 'log_max_bin': 10, 'colsample_bytree': 1.0, 'reg_alpha': 0.043058250860338036, 'reg_lambda': 4.712688040187941}","{'n_estimators': 72, 'num_leaves': 4, 'min_child_samples': 7, 'learning_rate': 0.149110137118235, 'log_max_bin': 5, 'colsample_bytree': 0.9934244988608766, 'reg_alpha': 0.013575172218183634, 'reg_lambda': 0.5789590252643401}",1.3710711017497854,1.3952556176715207,0.7067049478422254
71,0.8664184740814393,0.7359157438400157,0.996921204322863,1.301079459759864,0.6228967388012985,lgbm,rf,"{'n_estimators': 38, 'num_leaves': 7, 'min_child_samples': 3, 'learning_rate': 0.11507322538636973, 'log_max_bin': 6, 'colsample_bytree': 0.829576947675071, 'reg_alpha': 0.0009765625, 'reg_lambda': 0.13369139815564796}","{'n_estimators': 6, 'max_features': 0.0734805340858997, 'max_leaves': 17, 'criterion': 'gini'}",1.3187515619176762,1.3860856352628337,0.7319736042878747
72,0.6453214670523432,0.5192929328624853,0.771350001242201,1.1516046765276287,0.6056478302560601,extra_tree,xgboost,"{'n_estimators': 89, 'max_features': 1.0, 'max_leaves': 449}","{'n_estimators': 21, 'max_leaves': 10, 'min_child_weight': 0.09192904678981227, 'learning_rate': 0.30097111574397656, 'subsample': 0.6205401595045529, 'colsample_bylevel': 0.7757884586902333, 'colsample_bytree': 0.7967609659665394, 'reg_alpha': 0.025976166928786834, 'reg_lambda': 3.0226387231805183}",1.2206396992057293,1.2764758940692686,0.7518119691930577
73,0.820639752251884,0.6720388084650506,0.9692406960387174,1.3139743995475612,0.625390376968711,lgbm,xgboost,"{'n_estimators': 107, 'num_leaves': 4, 'min_child_samples': 5, 'learning_rate': 0.33347842762886115, 'log_max_bin': 10, 'colsample_bytree': 0.7970508285819604, 'reg_alpha': 0.0009765625, 'reg_lambda': 3.3465576773687924}","{'n_estimators': 4, 'max_leaves': 5, 'min_child_weight': 0.9146777899395455, 'learning_rate': 0.38946718731417634, 'subsample': 0.7593274397272737, 'colsample_bylevel': 1.0, 'colsample_bytree': 1.0, 'reg_alpha': 0.0011281022212262847, 'reg_lambda': 0.06244747928519334}",1.5792399114938789,1.595876490789436,0.6948610588810721
74,0.9330123210042887,0.7882883902823936,1.0777362517261837,1.7686959745708117,0.6262958954070129,xgb_limitdepth,xgb_limitdepth,"{'n_estimators': 15, 'max_depth': 3, 'min_child_weight': 36.32043420510809, 'learning_rate': 0.3237099747186269, 'subsample': 0.8836337006206285, 'colsample_bylevel': 0.9320503494257246, 'colsample_bytree': 1.0, 'reg_alpha': 0.0018113831729946483, 'reg_lambda': 0.1012658751032709}","{'n_estimators': 26, 'max_depth': 4, 'min_child_weight': 1.0931141204328185, 'learning_rate': 0.22463703824679415, 'subsample': 0.9890406565513691, 'colsample_bylevel': 0.5545789731499007, 'colsample_bytree': 1.0, 'reg_alpha': 0.01643179411930738, 'reg_lambda': 2.071871568876609}",1.4074639299643197,1.51754174916897,0.7182799957157433
75,0.7171801295744451,0.5877900109849881,0.8465702481639021,1.055174017044207,0.5707936484797534,lgbm,lgbm,"{'n_estimators': 210, 'num_leaves': 4, 'min_child_samples': 17, 'learning_rate': 0.13230740650398928, 'log_max_bin': 7, 'colsample_bytree': 0.7932930633075352, 'reg_alpha': 0.002667476464889519, 'reg_lambda': 5.307256058846817}","{'n_estimators': 42, 'num_leaves': 4, 'min_child_samples': 10, 'learning_rate': 0.3988339076670543, 'log_max_bin': 10, 'colsample_bytree': 1.0, 'reg_alpha': 0.036114468962103394, 'reg_lambda': 5.092905448409441}",1.255899578909443,1.3052876808084912,0.7441770193805781
76,0.7537726920001118,0.6151461370556498,0.8923992469445737,1.051809090361783,0.6175155839061036,lgbm,xgb_limitdepth,"{'n_estimators': 4, 'num_leaves': 12, 'min_child_samples': 5, 'learning_rate': 0.6590288973485555, 'log_max_bin': 6, 'colsample_bytree': 0.9968072020438136, 'reg_alpha': 0.003367757120991667, 'reg_lambda': 43.85703326571338}","{'n_estimators': 13, 'max_depth': 4, 'min_child_weight': 4.1101495591899075, 'learning_rate': 0.20963156064216654, 'subsample': 0.8558680391542387, 'colsample_bylevel': 0.5280037751427308, 'colsample_bytree': 0.7683269931813305, 'reg_alpha': 0.002108819870419386, 'reg_lambda': 0.4289319978296546}",1.3176908632851,1.3936223859501025,0.695360495752438
77,0.7475109116155819,0.6028649093947888,0.8921569138363751,1.1922509685293692,0.6287406469677009,lgbm,xgboost,"{'n_estimators': 4, 'num_leaves': 4, 'min_child_samples': 85, 'learning_rate': 1.0, 'log_max_bin': 7, 'colsample_bytree': 0.8656411937980538, 'reg_alpha': 0.004611188368895156, 'reg_lambda': 0.11961473466056452}","{'n_estimators': 4, 'max_leaves': 4, 'min_child_weight': 0.13547281170838388, 'learning_rate': 0.5444158565416849, 'subsample': 0.8751699349090457, 'colsample_bylevel': 0.8631362377917966, 'colsample_bytree': 0.8797306393078957, 'reg_alpha': 0.005329657604916947, 'reg_lambda': 0.40125168255615623}",1.361005720605753,1.400444005039876,0.6823271786698409
78,0.7942227665127771,0.6629782860220551,0.9254672470034991,0.8947528196733213,0.6293475728495297,xgboost,lgbm,"{'n_estimators': 33, 'max_leaves': 4, 'min_child_weight': 0.20549996411372137, 'learning_rate': 0.3694199235444377, 'subsample': 0.989136898992892, 'colsample_bylevel': 0.6067591630410489, 'colsample_bytree': 0.5452971868597818, 'reg_alpha': 0.009487296541348228, 'reg_lambda': 0.026721796792947842}","{'n_estimators': 7, 'num_leaves': 30, 'min_child_samples': 10, 'learning_rate': 0.2196266327996094, 'log_max_bin': 5, 'colsample_bytree': 0.9213107213320563, 'reg_alpha': 0.007704104902643932, 'reg_lambda': 0.025378395486530925}",1.2882333874293275,1.364788233044503,0.7449429130957432
79,0.8800895009863613,0.7426113215384522,1.0175676804342704,1.0411314654543624,0.632190812825383,lgbm,extra_tree,"{'n_estimators': 100, 'num_leaves': 5, 'min_child_samples': 9, 'learning_rate': 0.14815831364002088, 'log_max_bin': 6, 'colsample_bytree': 0.7439197897577041, 'reg_alpha': 0.0048888313039774055, 'reg_lambda': 4.510151812733001}","{'n_estimators': 4, 'max_leaves': 14, 'max_features': 0.43842502532897903, 'criterion': 'gini'}",1.3639143088333394,1.3957123905617135,0.6915679275536675
80,0.8194290599622606,0.6827385139964097,0.9561196059281114,1.3366377474416071,0.6429455938840696,lgbm,rf,"{'n_estimators': 4, 'num_leaves': 4, 'min_child_samples': 4, 'learning_rate': 0.6789294453613841, 'log_max_bin': 6, 'colsample_bytree': 1.0, 'reg_alpha': 0.001962015491173649, 'reg_lambda': 0.20159383372897394}","{'n_estimators': 7, 'max_features': 0.15134192987627376, 'max_leaves': 10, 'criterion': 'gini'}",1.3770029632797431,1.4076157692451872,0.6937492803762875
81,0.8461874700714903,0.7158912181445203,0.9764837219984603,1.5189587177729598,0.6192693529214645,xgboost,lgbm,"{'n_estimators': 33, 'max_leaves': 4, 'min_child_weight': 1.212902213148914, 'learning_rate': 0.2598187951737824, 'subsample': 0.9490751223773313, 'colsample_bylevel': 0.8715797484220669, 'colsample_bytree': 0.7242593978437377, 'reg_alpha': 0.017097649143191816, 'reg_lambda': 0.3558263211654167}","{'n_estimators': 137, 'num_leaves': 4, 'min_child_samples': 4, 'learning_rate': 0.12871670233514904, 'log_max_bin': 7, 'colsample_bytree': 0.3695782108662317, 'reg_alpha': 0.002502007679927163, 'reg_lambda': 0.004291839576492851}",1.2994503142829017,1.3356803065053247,0.7003981068755329
82,0.8087453106445288,0.6734596976661964,0.9440309236228612,1.2130603578819925,0.6541363913931099,lgbm,xgb_limitdepth,"{'n_estimators': 7, 'num_leaves': 4, 'min_child_samples': 15, 'learning_rate': 0.6945064905423671, 'log_max_bin': 10, 'colsample_bytree': 1.0, 'reg_alpha': 0.006955268652669901, 'reg_lambda': 11.838839163780849}","{'n_estimators': 6, 'max_depth': 8, 'min_child_weight': 7.206164031630363, 'learning_rate': 0.28237410486666936, 'subsample': 0.9146638281796221, 'colsample_bylevel': 1.0, 'colsample_bytree': 0.9917320174897308, 'reg_alpha': 0.07797936689626715, 'reg_lambda': 1.5086333248584003}",1.3886908251401318,1.458918042353197,0.734745704392957
83,0.9150228470911844,0.7772393678144286,1.0528063263679401,1.2978331646571997,0.6333902263886788,lgbm,lgbm,"{'n_estimators': 17, 'num_leaves': 13, 'min_child_samples': 2, 'learning_rate': 0.22022298789667977, 'log_max_bin': 6, 'colsample_bytree': 0.9338349386188625, 'reg_alpha': 0.0033399498816076983, 'reg_lambda': 0.13838125427805126}","{'n_estimators': 12, 'num_leaves': 190, 'min_child_samples': 9, 'learning_rate': 0.07466337832148787, 'log_max_bin': 10, 'colsample_bytree': 0.7985081348178229, 'reg_alpha': 0.0034968710369071166, 'reg_lambda': 0.34791452447997173}",1.4414987729246997,1.482621056202904,0.6969330903489678
84,0.9861093307014089,0.8494090113188446,1.1228096500839733,1.4206444781432637,0.6362469129118264,rf,xgboost,"{'n_estimators': 13, 'max_features': 0.502633513021943, 'max_leaves': 9}","{'n_estimators': 4, 'max_leaves': 9, 'min_child_weight': 0.07741740799919533, 'learning_rate': 0.3473424829845258, 'subsample': 0.7934172905930276, 'colsample_bylevel': 0.9241169510675877, 'colsample_bytree': 0.9921246995776422, 'reg_alpha': 0.0009765625, 'reg_lambda': 1.1732966644597032}",1.3745431002217952,1.4456036248560244,0.6921983607268276
85,0.7126096356234194,0.5790401314154507,0.846179139831388,1.217443709794,0.6520959417846938,lgbm,lgbm,"{'n_estimators': 9, 'num_leaves': 5, 'min_child_samples': 10, 'learning_rate': 0.32586481667089673, 'log_max_bin': 7, 'colsample_bytree': 0.8257435646203897, 'reg_alpha': 0.06399791946228992, 'reg_lambda': 8.193834614480057}","{'n_estimators': 45, 'num_leaves': 4, 'min_child_samples': 10, 'learning_rate': 0.23563471216311574, 'log_max_bin': 9, 'colsample_bytree': 0.453385941769599, 'reg_alpha': 0.705171624771538, 'reg_lambda': 0.03851740273995698}",1.2730791881093553,1.3245954313285389,0.7102151873827243
86,0.850446840486198,0.71660389073789,0.984289790234506,1.0415569412237957,0.6546719214495491,lgbm,xgboost,"{'n_estimators': 21, 'num_leaves': 4, 'min_child_samples': 8, 'learning_rate': 0.2792852373041336, 'log_max_bin': 9, 'colsample_bytree': 0.6294559536610658, 'reg_alpha': 0.02191824808430612, 'reg_lambda': 2.2524927097033127}","{'n_estimators': 5, 'max_leaves': 30, 'min_child_weight': 0.059042011188970775, 'learning_rate': 0.24742239705634897, 'subsample': 0.8628851694209457, 'colsample_bylevel': 0.6331203681600411, 'colsample_bytree': 0.9278611392059561, 'reg_alpha': 0.027208549316480528, 'reg_lambda': 19.98540707309804}",1.316595789840485,1.3593738243154274,0.6992597287410068
87,0.8237875377225119,0.6911986012431737,0.9563764742018501,1.1528361549734847,0.6403984741661192,xgb_limitdepth,extra_tree,"{'n_estimators': 11, 'max_depth': 2, 'min_child_weight': 0.4730143698926796, 'learning_rate': 0.4759695049564823, 'subsample': 1.0, 'colsample_bylevel': 0.9911331027217124, 'colsample_bytree': 1.0, 'reg_alpha': 0.0009765625, 'reg_lambda': 0.00813815974417541}","{'n_estimators': 5, 'max_features': 0.17536608353726063, 'max_leaves': 24, 'criterion': 'gini'}",1.2400584599491595,1.3266743515627766,0.6859499954057806
88,0.8029726714252332,0.6567104297195577,0.9492349131309087,1.4781287035053416,0.639630529518221,extra_tree,xgb_limitdepth,"{'n_estimators': 6, 'max_features': 0.7164912041886111, 'max_leaves': 66}","{'n_estimators': 6, 'max_depth': 3, 'min_child_weight': 2.590041866079542, 'learning_rate': 0.2671486398727041, 'subsample': 0.8897574181652623, 'colsample_bylevel': 0.8597771570987853, 'colsample_bytree': 0.8875125279645535, 'reg_alpha': 0.0030377917248092822, 'reg_lambda': 0.11193123203884645}",1.5088140321703505,1.5647926504911134,0.6953971990793032
89,0.7024125877006778,0.5552419950150891,0.8495831803862666,1.1491276092826859,0.6292492085461215,xgboost,lgbm,"{'n_estimators': 4, 'max_leaves': 4, 'min_child_weight': 6.188190506620302, 'learning_rate': 1.0, 'subsample': 0.7671182278759895, 'colsample_bylevel': 1.0, 'colsample_bytree': 0.9050640570031124, 'reg_alpha': 0.0051521273339365245, 'reg_lambda': 1.0132858372557283}","{'n_estimators': 4, 'num_leaves': 56, 'min_child_samples': 7, 'learning_rate': 0.18113362405027641, 'log_max_bin': 6, 'colsample_bytree': 0.7056648485531513, 'reg_alpha': 0.1319064654844414, 'reg_lambda': 0.04124757498890601}",1.5125938380136623,1.5336720179417278,0.6940699718740371
90,0.8259930003376911,0.685804881575407,0.9661811190999752,1.016236038092264,0.6327489078920752,lgbm,rf,"{'n_estimators': 19, 'num_leaves': 4, 'min_child_samples': 5, 'learning_rate': 0.36536023505137827, 'log_max_bin': 10, 'colsample_bytree': 0.4960422930210587, 'reg_alpha': 0.0009765625, 'reg_lambda': 3.7164174791489506}","{'n_estimators': 6, 'max_leaves': 11, 'max_features': 0.17110023483657646, 'criterion': 'entropy'}",1.3407590217970213,1.4024408010169431,0.6786984761612579
91,0.7614745160123383,0.6198972851783027,0.9030517468463739,1.3347614317650345,0.6266756155619434,xgboost,xgboost,"{'n_estimators': 35, 'max_leaves': 7, 'min_child_weight': 15.502004093539174, 'learning_rate': 0.11814368206511505, 'subsample': 1.0, 'colsample_bylevel': 0.8095974862973261, 'colsample_bytree': 0.5853458514766052, 'reg_alpha': 0.0009765625, 'reg_lambda': 1.558747658029357}","{'n_estimators': 6, 'max_leaves': 7, 'min_child_weight': 0.8986112327240726, 'learning_rate': 0.38258283955937467, 'subsample': 1.0, 'colsample_bylevel': 0.6974129122452082, 'colsample_bytree': 0.8750640908856465, 'reg_alpha': 0.0009765625, 'reg_lambda': 0.12683416849728735}",1.2705615565706547,1.3865036267976825,0.6763231127305128
92,0.6307938487440041,0.4965440751925513,0.765043622295457,1.0974231545528605,0.6134609591000131,lgbm,lgbm,"{'n_estimators': 6, 'num_leaves': 4, 'min_child_samples': 13, 'learning_rate': 0.7401583385942778, 'log_max_bin': 9, 'colsample_bytree': 0.9367793942818634, 'reg_alpha': 0.0010250958122368975, 'reg_lambda': 1.0281040395114955}","{'n_estimators': 42, 'num_leaves': 8, 'min_child_samples': 5, 'learning_rate': 0.16439690106062496, 'log_max_bin': 7, 'colsample_bytree': 0.8722183503228214, 'reg_alpha': 0.0009765625, 'reg_lambda': 0.06004136780572779}",1.286524896665124,1.321525308394011,0.7213302685244153
93,0.687999161234117,0.5474033751717664,0.8285949472964675,1.2049548894733213,0.5889791574941624,xgb_limitdepth,lgbm,"{'n_estimators': 23, 'max_depth': 8, 'min_child_weight': 6.25578755868682, 'learning_rate': 0.27492636860989966, 'subsample': 0.9452642648281835, 'colsample_bylevel': 1.0, 'colsample_bytree': 0.9429076153923982, 'reg_alpha': 0.14845060945936783, 'reg_lambda': 12.125741147436157}","{'n_estimators': 4, 'num_leaves': 12, 'min_child_samples': 54, 'learning_rate': 0.6589271416244936, 'log_max_bin': 4, 'colsample_bytree': 0.9903812075519512, 'reg_alpha': 0.005081367577059269, 'reg_lambda': 0.007299548683604324}",1.4136339388212409,1.4947190915317177,0.7636142655708238
94,0.8938503744482654,0.7555628645670585,1.0321378843294724,1.1785787081945438,0.6527059612850404,rf,rf,"{'n_estimators': 7, 'max_features': 0.7174010615023695, 'max_leaves': 26}","{'n_estimators': 4, 'max_features': 0.14865649637336212, 'max_leaves': 7, 'criterion': 'entropy'}",1.4136259425177864,1.4686430328713262,0.7051694779486855
95,0.7085598151291344,0.5689640083329294,0.8481556219253393,1.006590519302286,0.6362996169311159,rf,xgb_limitdepth,"{'n_estimators': 6, 'max_features': 0.9489499438267418, 'max_leaves': 27}","{'n_estimators': 12, 'max_depth': 8, 'min_child_weight': 0.6036238051270906, 'learning_rate': 0.24322633487041967, 'subsample': 1.0, 'colsample_bylevel': 0.7707624339516631, 'colsample_bytree': 1.0, 'reg_alpha': 0.005310108397302457, 'reg_lambda': 1.6064760910903466}",1.4737419832515752,1.5164858553742475,0.7374137475306434
96,0.6583985502632278,0.5230713409572627,0.7937257595691929,1.1577778671810333,0.607979494493966,lgbm,xgboost,"{'n_estimators': 4, 'num_leaves': 14, 'min_child_samples': 6, 'learning_rate': 0.6194510568902154, 'log_max_bin': 10, 'colsample_bytree': 0.942460681573606, 'reg_alpha': 0.014400361740605218, 'reg_lambda': 6.578103926611776}","{'n_estimators': 9, 'max_leaves': 11, 'min_child_weight': 0.9570161191417025, 'learning_rate': 0.5318554915661855, 'subsample': 0.9391778678448198, 'colsample_bylevel': 1.0, 'colsample_bytree': 0.9960958280153287, 'reg_alpha': 0.025563621298458752, 'reg_lambda': 0.23984630905498674}",1.4471073794932525,1.5223255613754303,0.8277111180324893
97,0.919823372085509,0.7832031292633119,1.056443614907706,1.1269782972781395,0.6336952813115775,lgbm,xgboost,"{'n_estimators': 8, 'num_leaves': 4, 'min_child_samples': 6, 'learning_rate': 0.5067097263774534, 'log_max_bin': 9, 'colsample_bytree': 0.8803255782677344, 'reg_alpha': 0.0009765625, 'reg_lambda': 7.0374634117703785}","{'n_estimators': 41, 'max_leaves': 7, 'min_child_weight': 10.109141103753096, 'learning_rate': 0.1640220258903741, 'subsample': 0.8276140304807, 'colsample_bylevel': 0.825286970947204, 'colsample_bytree': 0.9164575609706511, 'reg_alpha': 0.0009765625, 'reg_lambda': 4.706399545303995}",1.3376374620769604,1.428715613128795,0.7077106935056081
98,0.688542159649284,0.5325157952003632,0.8445685240982048,1.0367986520165144,0.642465666724786,xgboost,lgbm,"{'n_estimators': 4, 'max_leaves': 4, 'min_child_weight': 38.08231194915797, 'learning_rate': 1.0, 'subsample': 0.7869983833228008, 'colsample_bylevel': 1.0, 'colsample_bytree': 1.0, 'reg_alpha': 0.004983336502296006, 'reg_lambda': 0.05370190365968199}","{'n_estimators': 31, 'num_leaves': 82, 'min_child_samples': 32, 'learning_rate': 0.23795208604078286, 'log_max_bin': 9, 'colsample_bytree': 0.4647218672268393, 'reg_alpha': 0.07270648500685946, 'reg_lambda': 36.814464913090525}",1.5892465782447438,1.6280139404150933,0.681337076780099
99,0.8274250707492358,0.6861496403741825,0.9687005011242891,1.2406227216134469,0.5673523166015988,lgbm,extra_tree,"{'n_estimators': 4, 'num_leaves': 5, 'min_child_samples': 20, 'learning_rate': 1.0, 'log_max_bin': 9, 'colsample_bytree': 1.0, 'reg_alpha': 0.0617777062707411, 'reg_lambda': 61.136054010477544}","{'n_estimators': 13, 'max_features': 0.98829812774664, 'max_leaves': 105, 'criterion': 'gini'}",1.3634223168063087,1.4480337313792746,0.7114744021251511
